GrLivArea,OverallQual,BedroomAbvGr,KitchenAbvGr,GarageCars,TotRmsAbvGrd,FullBath,YearBuilt,Sector,Neighborhood,Storey,CornerHouse,ParkFacing,MainRoadConnected,SalePrice
1615,9,2,1,2,5,1,2010,Phase 10,Mohali,3,0,0,1,44929300
1586,7,5,1,2,6,2,2007,Highland Marg,Zirakpur,2,1,0,0,20364240
2482,10,2,1,2,3,1,2006,Phase 10,Mohali,2,0,0,1,69049240
2893,9,3,1,1,5,3,2016,Gazipur Road,Zirakpur,1,1,1,1,36596450
2091,10,3,1,0,5,1,2018,Dhakauli,Zirakpur,2,1,0,0,21955500
2551,5,5,1,2,7,1,2016,Sector 20,Panchkula,3,1,0,0,54591400
2643,7,5,1,2,8,3,2019,Phase 3B2,Mohali,2,1,0,1,82884480
2228,6,5,1,0,8,3,2017,Gazipur Road,Zirakpur,2,1,1,1,28184200
2404,6,2,1,2,3,3,2017,Phase 3B2,Mohali,3,1,1,0,75389440
1706,5,5,1,1,6,2,2010,Gazipur Road,Zirakpur,3,0,0,0,18766000
2149,6,5,1,0,6,1,2014,Sector 20,Panchkula,1,0,0,0,42980000
2891,6,5,1,2,8,1,2007,Phase 3B2,Mohali,2,1,0,1,90661760
2386,6,3,1,0,4,3,2008,Peer Muchalla,Zirakpur,1,1,1,1,41158500
2840,9,2,1,2,4,2,2016,Dhakauli,Zirakpur,3,1,1,1,33228000
2566,8,2,1,2,3,2,2019,Gazipur Road,Zirakpur,1,1,0,0,30201820
2929,5,5,1,1,8,1,2015,Phase 10,Mohali,1,1,0,1,83769400
2750,10,4,1,1,7,1,2010,Sector 20,Panchkula,3,0,1,1,60500000
1710,5,2,1,0,5,3,2006,Sector 15,Panchkula,1,0,0,0,68400000
1607,6,3,1,0,4,1,2022,Sector 15,Panchkula,3,0,0,0,64280000
2154,8,2,1,0,4,1,2017,Highland Marg,Zirakpur,1,1,1,1,29725200
2802,10,5,1,1,8,1,2014,Sector 15,Panchkula,2,0,0,1,117684000
2526,10,2,1,0,5,1,2023,Dhakauli,Zirakpur,2,0,1,0,26523000
1626,9,2,1,2,4,1,2021,Phase 3B2,Mohali,1,1,1,0,50991360
2750,9,4,1,1,7,1,2006,Peer Muchalla,Zirakpur,2,0,0,1,43312500
2752,10,4,1,0,6,3,2006,Phase 3B2,Mohali,3,1,1,1,88614400
2333,5,4,1,1,7,2,2006,Phase 3B2,Mohali,1,1,0,1,71856400
2113,7,2,1,2,3,1,2015,Gazipur Road,Zirakpur,2,0,1,1,26032160
1630,6,2,1,2,5,1,2017,Phase 10,Mohali,2,0,0,1,45346600
1984,7,5,1,1,8,1,2014,Sector 36,Chandigarh,3,1,0,1,141856000
1944,6,5,1,2,7,2,2019,Sector 15,Panchkula,1,0,1,1,87091200
1764,10,4,1,2,7,2,2006,Sector 15,Panchkula,3,0,1,0,75499200
2651,5,4,1,0,7,2,2008,Sector 15,Panchkula,1,1,0,0,111342000
2648,7,5,1,0,7,2,2008,Gazipur Road,Zirakpur,2,0,1,1,32040800
2901,5,2,1,2,3,2,2020,Sector 36,Chandigarh,3,1,0,0,201764550
2412,5,4,1,1,7,2,2015,Phase 3B2,Mohali,2,1,1,0,74289600
2941,10,5,1,0,7,3,2011,Dhakauli,Zirakpur,1,1,0,1,32351000
1923,10,2,1,2,5,1,2017,Gazipur Road,Zirakpur,1,1,1,0,23691360
2668,10,3,1,2,4,2,2006,Sector 15,Panchkula,1,1,1,1,124862400
2354,10,4,1,0,7,2,2007,Sector 36,Chandigarh,1,1,0,1,168311000
1585,6,3,1,2,6,1,2020,Dhakauli,Zirakpur,1,0,1,0,16959500
1817,5,4,1,2,5,2,2005,Dhakauli,Zirakpur,3,1,1,0,20350400
2565,10,2,1,1,5,3,2023,Sector 20,Panchkula,1,0,0,0,51300000
1789,7,2,1,1,4,3,2018,Phase 10,Mohali,3,0,1,0,48839700
2071,8,5,1,1,7,2,2021,Sector 20,Panchkula,1,1,0,1,45562000
2700,9,4,1,0,6,2,2023,Dhakauli,Zirakpur,2,0,1,0,28350000
2869,9,5,1,1,8,1,2010,Sector 36,Chandigarh,3,0,0,1,195809250
2233,5,4,1,1,7,3,2019,Phase 10,Mohali,3,0,1,1,63863800
2608,9,5,1,1,6,3,2020,Phase 10,Mohali,3,1,1,0,74588800
1604,5,2,1,1,5,2,2012,Sector 36,Chandigarh,3,0,1,0,109473000
2850,8,5,1,1,6,2,2008,Sector 20,Panchkula,2,1,1,0,62700000
2874,7,3,1,1,6,1,2008,Phase 3B2,Mohali,2,1,0,1,88519200
1920,5,4,1,1,7,3,2022,Sector 36,Chandigarh,1,0,0,0,124800000
1923,8,2,1,1,5,1,2009,Sector 15,Panchkula,1,1,0,1,84612000
2645,9,4,1,0,7,3,2011,Peer Muchalla,Zirakpur,2,0,1,0,41658750
2539,10,3,1,2,5,1,2005,Gazipur Road,Zirakpur,2,1,0,0,29884030
2174,5,3,1,1,6,3,2005,Highland Marg,Zirakpur,1,1,1,1,30001200
1741,7,2,1,2,5,3,2007,Phase 3B2,Mohali,2,1,0,1,54597760
2442,9,3,1,0,5,3,2022,Peer Muchalla,Zirakpur,1,0,0,1,38461500
2671,8,4,1,0,7,1,2019,Highland Marg,Zirakpur,3,0,1,1,35257200
2567,7,2,1,0,5,1,2014,Phase 10,Mohali,2,1,0,0,70079100
2264,6,2,1,0,4,3,2020,Dhakauli,Zirakpur,2,1,1,0,24904000
2012,7,5,1,0,7,1,2018,Gazipur Road,Zirakpur,1,1,0,1,24345200
1825,10,4,1,2,5,2,2014,Sector 22,Chandigarh,2,0,1,1,47012000
2158,6,5,1,2,8,3,2011,Phase 3B2,Mohali,1,0,1,1,67674880
2676,5,3,1,2,4,2,2014,Sector 22,Chandigarh,3,1,0,1,68933760
2124,5,3,1,0,4,1,2005,Highland Marg,Zirakpur,2,0,1,1,28036800
2896,8,2,1,1,5,2,2010,Highland Marg,Zirakpur,1,0,0,1,36489600
2008,6,3,1,1,4,1,2018,Highland Marg,Zirakpur,2,1,0,0,25300800
2622,9,4,1,0,5,2,2018,Phase 3B2,Mohali,2,1,0,0,77086800
2967,10,2,1,1,3,3,2010,Sector 15,Panchkula,2,1,0,1,130548000
2202,5,3,1,1,5,2,2014,Phase 3B2,Mohali,3,0,0,1,64738800
2012,5,4,1,1,6,3,2023,Highland Marg,Zirakpur,2,0,0,1,25351200
2445,8,2,1,1,4,1,2021,Peer Muchalla,Zirakpur,3,0,1,0,38508750
2017,7,3,1,1,5,1,2017,Sector 36,Chandigarh,2,1,0,0,137660250
1515,8,5,1,1,6,1,2006,Phase 10,Mohali,1,1,1,0,43329000
1940,8,4,1,1,5,2,2013,Sector 36,Chandigarh,1,1,0,0,132405000
2603,6,5,1,2,6,2,2017,Highland Marg,Zirakpur,1,0,0,1,33422520
1647,7,4,1,0,7,1,2009,Phase 3B2,Mohali,1,1,1,0,50727600
2658,10,2,1,1,4,1,2018,Sector 15,Panchkula,3,1,1,1,122268000
2283,5,3,1,0,4,2,2013,Sector 36,Chandigarh,2,0,1,0,155814750
1557,10,4,1,0,5,3,2015,Sector 36,Chandigarh,2,1,0,1,111325500
2755,7,4,1,1,6,2,2005,Phase 3B2,Mohali,1,1,0,0,80997000
1832,9,3,1,1,6,2,2021,Highland Marg,Zirakpur,2,1,1,0,24182400
2341,5,5,1,0,7,3,2010,Sector 20,Panchkula,1,0,0,0,46820000
2608,5,2,1,1,5,3,2017,Highland Marg,Zirakpur,2,0,0,1,32860800
2297,7,5,1,1,7,2,2008,Dhakauli,Zirakpur,2,1,1,1,26415500
2092,8,2,1,1,4,3,2015,Highland Marg,Zirakpur,1,1,0,1,27614400
2098,8,2,1,0,4,1,2016,Phase 3B2,Mohali,3,0,1,1,64618400
2621,8,2,1,2,3,1,2023,Phase 10,Mohali,2,1,0,0,72916220
2579,9,2,1,1,4,3,2022,Sector 15,Panchkula,3,0,0,1,108318000
1876,9,3,1,2,4,3,2021,Sector 20,Panchkula,3,1,0,0,40146400
2368,10,2,1,2,3,2,2012,Peer Muchalla,Zirakpur,3,1,1,1,41558400
1867,8,4,1,1,5,3,2006,Sector 15,Panchkula,2,1,1,1,85882000
2403,5,5,1,0,6,3,2021,Sector 22,Chandigarh,2,0,1,0,58032450
2076,7,5,1,2,8,3,2023,Phase 3B2,Mohali,2,0,0,0,59290560
1743,8,4,1,1,7,3,2008,Phase 3B2,Mohali,2,0,0,1,51244200
1501,5,4,1,1,6,2,2015,Phase 3B2,Mohali,3,1,0,0,44129400
2433,9,2,1,1,3,1,2009,Highland Marg,Zirakpur,2,0,0,0,29196000
2181,10,5,1,2,6,2,2017,Sector 22,Chandigarh,2,1,1,1,58690710
2867,9,2,1,2,4,1,2023,Sector 15,Panchkula,3,1,1,1,134175600
2500,5,3,1,2,4,2,2015,Phase 10,Mohali,2,0,1,1,72800000
2886,10,2,1,0,4,1,2007,Sector 15,Panchkula,2,0,1,1,126984000
1519,9,3,1,0,4,3,2020,Sector 20,Panchkula,1,1,0,0,31899000
2480,9,2,1,0,3,2,2022,Sector 22,Chandigarh,3,0,0,0,57040000
2431,9,4,1,0,6,3,2016,Highland Marg,Zirakpur,2,1,0,0,30630600
2464,6,5,1,2,7,1,2011,Peer Muchalla,Zirakpur,2,0,0,1,39547200
2548,6,2,1,0,5,2,2008,Peer Muchalla,Zirakpur,1,0,0,0,38220000
2673,6,5,1,1,6,2,2023,Gazipur Road,Zirakpur,2,0,0,0,29403000
2718,5,4,1,1,6,3,2018,Dhakauli,Zirakpur,1,1,1,1,31257000
1752,7,4,1,0,5,3,2018,Phase 3B2,Mohali,1,1,1,1,56414400
2692,9,2,1,0,4,3,2023,Sector 15,Panchkula,1,1,1,0,118448000
2025,8,3,1,0,5,3,2022,Sector 15,Panchkula,3,1,0,0,85050000
1787,9,4,1,0,6,2,2019,Phase 10,Mohali,1,0,1,0,48785100
2390,8,2,1,2,3,2,2007,Phase 3B2,Mohali,1,1,0,1,74950400
1820,5,4,1,2,5,2,2019,Sector 36,Chandigarh,2,0,0,0,120666000
1793,9,4,1,2,5,2,2017,Phase 3B2,Mohali,1,1,1,1,58738680
1790,7,3,1,2,5,3,2010,Peer Muchalla,Zirakpur,3,1,0,0,28729500
2403,10,3,1,1,4,3,2012,Sector 20,Panchkula,2,0,0,0,48060000
1509,8,5,1,1,7,3,2014,Phase 10,Mohali,3,0,1,1,43157400
2485,5,2,1,2,4,3,2009,Sector 15,Panchkula,3,0,0,0,101388000
2049,9,4,1,0,7,3,2005,Sector 20,Panchkula,1,1,1,1,47127000
1521,10,3,1,0,5,1,2019,Sector 22,Chandigarh,3,1,1,0,38481300
1613,6,3,1,2,5,3,2012,Dhakauli,Zirakpur,2,0,1,0,17259100
2999,5,5,1,1,7,1,2020,Sector 36,Chandigarh,3,0,0,0,194935000
1553,6,4,1,1,6,2,2022,Sector 15,Panchkula,1,1,1,0,68332000
2947,10,5,1,0,7,3,2016,Sector 22,Chandigarh,1,0,0,0,67781000
2034,9,2,1,2,5,1,2021,Gazipur Road,Zirakpur,1,0,0,1,23940180
1519,6,3,1,1,5,3,2022,Sector 36,Chandigarh,1,1,0,0,103671750
2390,9,5,1,0,6,3,2011,Gazipur Road,Zirakpur,2,0,1,0,27604500
1508,5,3,1,1,6,1,2012,Sector 15,Panchkula,1,0,0,0,60320000
2906,7,3,1,2,5,1,2020,Sector 20,Panchkula,1,1,0,0,62188400
1898,9,5,1,0,6,1,2019,Phase 10,Mohali,1,1,0,0,51815400
2651,9,3,1,1,5,2,2019,Dhakauli,Zirakpur,3,1,1,1,30486500
2420,10,2,1,1,5,1,2007,Highland Marg,Zirakpur,1,1,0,0,30492000
2198,9,4,1,0,6,2,2021,Sector 36,Chandigarh,3,1,0,0,150013500
2653,8,3,1,1,6,2,2017,Dhakauli,Zirakpur,3,1,1,1,30509500
2107,9,4,1,1,7,1,2005,Sector 36,Chandigarh,2,0,0,0,136955000
2961,7,2,1,1,5,1,2009,Phase 10,Mohali,3,1,1,0,84684600
2340,5,5,1,2,7,2,2020,Sector 20,Panchkula,3,1,0,0,50076000
1643,8,2,1,2,4,2,2014,Phase 10,Mohali,2,1,0,0,45708260
2718,10,2,1,0,3,2,2013,Gazipur Road,Zirakpur,1,0,0,1,31392900
2360,9,2,1,0,3,1,2009,Phase 3B2,Mohali,3,1,1,0,72688000
1790,8,5,1,1,6,1,2012,Phase 10,Mohali,1,0,0,1,48867000
2472,10,3,1,0,6,2,2007,Gazipur Road,Zirakpur,3,1,1,1,31270800
1798,10,5,1,0,8,1,2011,Sector 15,Panchkula,3,1,0,0,75516000
1745,10,4,1,1,6,2,2009,Dhakauli,Zirakpur,2,0,0,1,18322500
2389,6,2,1,0,5,2,2005,Gazipur Road,Zirakpur,2,1,0,1,28906900
1590,5,3,1,0,4,3,2017,Highland Marg,Zirakpur,2,1,1,1,21942000
1719,9,3,1,0,4,3,2005,Sector 15,Panchkula,2,0,0,0,68760000
2637,7,5,1,2,7,2,2018,Phase 3B2,Mohali,3,0,1,0,79004520
2352,9,3,1,2,6,3,2015,Peer Muchalla,Zirakpur,2,1,1,0,39513600
1947,10,3,1,2,4,3,2005,Sector 15,Panchkula,1,0,0,1,83331600
1708,8,5,1,2,7,3,2020,Sector 20,Panchkula,3,0,0,0,34843200
1796,8,3,1,2,4,2,2022,Sector 20,Panchkula,2,0,1,1,40230400
2965,5,4,1,2,7,2,2021,Highland Marg,Zirakpur,1,1,0,1,39849600
2817,5,4,1,2,5,1,2009,Phase 3B2,Mohali,2,0,1,1,88341120
1506,5,3,1,0,6,1,2008,Gazipur Road,Zirakpur,2,0,1,0,17394300
2235,7,3,1,2,6,1,2008,Sector 15,Panchkula,3,0,0,1,95658000
2739,5,5,1,2,6,2,2019,Peer Muchalla,Zirakpur,2,0,0,0,41906700
2002,5,2,1,2,4,1,2005,Sector 15,Panchkula,1,1,1,1,93693600
2396,10,2,1,0,4,3,2014,Highland Marg,Zirakpur,1,1,0,1,31627200
2807,7,3,1,1,5,1,2016,Highland Marg,Zirakpur,1,0,1,1,37052400
2858,10,3,1,2,6,1,2011,Peer Muchalla,Zirakpur,3,0,1,1,48014400
2700,6,2,1,1,4,3,2013,Dhakauli,Zirakpur,2,0,1,1,29700000
1926,5,3,1,1,5,1,2021,Dhakauli,Zirakpur,1,0,0,1,20223000
1928,9,5,1,1,8,2,2023,Sector 36,Chandigarh,3,1,0,0,131586000
2097,8,2,1,0,4,3,2008,Highland Marg,Zirakpur,1,1,1,1,28938600
1845,5,4,1,2,5,2,2022,Sector 22,Chandigarh,1,1,0,0,45405450
2165,10,3,1,1,5,2,2008,Peer Muchalla,Zirakpur,2,1,0,1,35722500
1630,8,3,1,2,5,3,2019,Sector 22,Chandigarh,3,1,0,0,40114300
2979,5,4,1,0,7,2,2019,Sector 15,Panchkula,2,0,1,1,131076000
1559,7,3,1,0,4,3,2019,Phase 3B2,Mohali,1,0,1,1,48017200
2646,6,2,1,1,5,3,2011,Highland Marg,Zirakpur,2,0,0,0,31752000
1767,9,2,1,0,3,1,2018,Phase 3B2,Mohali,3,1,0,0,51949800
2260,5,5,1,1,7,1,2013,Sector 36,Chandigarh,2,1,0,0,154245000
2871,7,3,1,1,4,1,2017,Sector 15,Panchkula,3,1,0,1,126324000
2514,5,3,1,2,6,3,2012,Sector 36,Chandigarh,1,1,1,0,183019200
1953,7,5,1,2,8,1,2014,Sector 15,Panchkula,1,1,1,1,91400400
2045,6,5,1,2,6,2,2023,Sector 15,Panchkula,2,0,1,1,91616000
2203,5,4,1,1,7,3,2017,Peer Muchalla,Zirakpur,3,0,0,1,34697250
1522,10,2,1,1,3,2,2018,Dhakauli,Zirakpur,2,1,1,1,17503000
2035,10,2,1,1,4,3,2022,Gazipur Road,Zirakpur,1,0,1,1,24623500
2983,5,3,1,0,6,3,2020,Sector 36,Chandigarh,1,0,1,1,213284500
2144,5,2,1,0,3,3,2023,Highland Marg,Zirakpur,2,1,0,1,28300800
2032,6,2,1,0,4,1,2008,Sector 15,Panchkula,3,0,0,0,81280000
2504,7,5,1,1,8,2,2011,Peer Muchalla,Zirakpur,2,0,0,1,39438000
2517,5,2,1,0,5,3,2015,Sector 20,Panchkula,1,1,0,0,52857000
2209,6,4,1,1,5,1,2012,Sector 15,Panchkula,1,1,1,0,97196000
2062,9,3,1,0,4,2,2009,Phase 3B2,Mohali,1,0,1,1,63509600
2256,9,3,1,0,5,3,2009,Sector 15,Panchkula,2,1,0,1,99264000
1803,6,4,1,2,6,3,2010,Dhakauli,Zirakpur,1,1,1,0,20193600
2886,8,3,1,0,4,2,2006,Gazipur Road,Zirakpur,3,0,0,0,31746000
1607,7,5,1,0,7,3,2013,Dhakauli,Zirakpur,3,0,1,1,17677000
2742,7,3,1,0,5,1,2008,Sector 20,Panchkula,2,0,1,1,60324000
2240,10,4,1,2,6,1,2005,Phase 3B2,Mohali,3,0,0,0,63974400
1708,6,3,1,0,4,2,2015,Dhakauli,Zirakpur,1,0,0,1,17934000
2345,10,2,1,0,5,2,2005,Peer Muchalla,Zirakpur,3,1,1,0,38692500
2833,6,5,1,2,7,3,2019,Highland Marg,Zirakpur,3,0,0,1,36375720
1827,9,3,1,2,6,2,2008,Sector 22,Chandigarh,3,0,0,1,44962470
2849,10,3,1,0,4,2,2014,Sector 22,Chandigarh,1,0,1,1,72079700
1832,9,3,1,1,6,1,2006,Peer Muchalla,Zirakpur,1,1,0,0,28854000
2436,8,2,1,1,5,3,2006,Dhakauli,Zirakpur,2,0,1,1,26796000
1619,9,2,1,2,5,3,2012,Sector 22,Chandigarh,2,1,0,0,39843590
2189,5,2,1,0,5,2,2006,Dhakauli,Zirakpur,3,1,0,1,24079000
2312,8,2,1,0,3,3,2018,Peer Muchalla,Zirakpur,3,0,1,0,36414000
1992,8,4,1,1,6,2,2006,Sector 22,Chandigarh,1,0,1,0,48106800
1958,5,4,1,2,6,3,2015,Dhakauli,Zirakpur,1,1,1,0,21929600
2298,8,2,1,1,3,1,2021,Sector 15,Panchkula,3,1,0,0,96516000
2047,9,2,1,2,3,3,2015,Phase 3B2,Mohali,3,1,0,0,61328120
1539,8,5,1,2,8,2,2006,Dhakauli,Zirakpur,2,0,1,1,17236800
1998,9,3,1,1,4,3,2010,Phase 3B2,Mohali,2,1,1,0,61538400
2690,5,3,1,2,4,2,2005,Dhakauli,Zirakpur,3,0,0,0,27438000
2265,5,2,1,2,3,3,2014,Highland Marg,Zirakpur,2,0,0,1,29082600
1679,6,4,1,1,7,2,2012,Gazipur Road,Zirakpur,1,0,0,0,18469000
2447,6,5,1,0,6,2,2005,Peer Muchalla,Zirakpur,2,0,0,0,36705000
1742,5,5,1,0,8,3,2016,Phase 3B2,Mohali,1,1,0,0,51214800
1818,10,5,1,0,6,2,2010,Gazipur Road,Zirakpur,2,0,1,1,21997800
2965,6,5,1,0,6,1,2005,Gazipur Road,Zirakpur,3,0,0,0,32615000
2948,5,5,1,1,6,3,2012,Dhakauli,Zirakpur,2,0,0,0,29480000
2433,6,2,1,1,3,2,2005,Peer Muchalla,Zirakpur,2,0,1,1,40144500
2710,5,3,1,2,5,1,2020,Sector 15,Panchkula,3,0,1,0,115988000
2359,8,3,1,0,4,1,2011,Phase 10,Mohali,1,0,0,1,64400700
2794,8,2,1,2,4,1,2021,Peer Muchalla,Zirakpur,2,1,0,1,46939200
2288,5,4,1,2,6,3,2012,Sector 22,Chandigarh,3,0,0,1,56307680
1685,10,3,1,2,6,2,2019,Sector 22,Chandigarh,3,0,0,1,41467850
2135,6,4,1,0,5,3,2007,Sector 22,Chandigarh,3,1,1,1,56470750
2175,8,2,1,1,4,3,2009,Peer Muchalla,Zirakpur,1,1,0,0,34256250
1934,6,4,1,2,7,2,2015,Sector 20,Panchkula,3,1,0,0,41387600
2812,10,3,1,0,6,1,2005,Sector 15,Panchkula,2,1,1,0,123728000
1538,5,5,1,1,7,1,2020,Sector 22,Chandigarh,3,0,0,1,37142700
2165,6,3,1,0,5,1,2019,Sector 22,Chandigarh,2,0,1,1,54774500
2355,8,2,1,2,5,2,2007,Gazipur Road,Zirakpur,2,0,1,1,29013600
2702,6,2,1,1,4,3,2022,Sector 36,Chandigarh,3,0,0,0,175630000
2915,5,4,1,1,5,1,2011,Sector 36,Chandigarh,2,0,1,1,208422500
2679,6,2,1,2,4,2,2023,Sector 20,Panchkula,1,0,0,0,54651600
2612,6,4,1,2,7,1,2013,Phase 10,Mohali,1,1,1,1,79457040
1914,7,2,1,2,4,2,2021,Sector 15,Panchkula,2,0,1,1,85747200
1580,5,2,1,0,5,1,2013,Gazipur Road,Zirakpur,2,0,0,1,18249000
2264,10,3,1,0,5,2,2008,Sector 15,Panchkula,3,1,1,0,99616000
2154,9,3,1,2,6,3,2007,Peer Muchalla,Zirakpur,2,0,0,1,34571700
2784,5,2,1,1,5,2,2005,Peer Muchalla,Zirakpur,3,1,0,0,43848000
2436,9,2,1,1,4,2,2023,Phase 3B2,Mohali,1,1,0,1,75028800
2917,10,5,1,1,8,3,2012,Sector 36,Chandigarh,2,1,1,0,208565500
2632,5,3,1,0,4,1,2017,Phase 10,Mohali,3,0,1,1,75275200
2404,8,4,1,0,5,2,2021,Sector 36,Chandigarh,1,1,1,0,171886000
1629,7,2,1,0,4,3,2010,Gazipur Road,Zirakpur,2,1,1,0,19710900
2360,5,2,1,2,4,1,2015,Highland Marg,Zirakpur,1,1,1,1,33134400
2437,5,2,1,0,5,2,2014,Peer Muchalla,Zirakpur,3,1,0,1,40210500
2969,9,3,1,0,4,2,2018,Highland Marg,Zirakpur,3,1,0,1,39190800
2919,8,2,1,0,3,3,2020,Sector 36,Chandigarh,2,0,0,0,189735000
1843,7,4,1,0,6,2,2006,Sector 22,Chandigarh,3,0,0,0,42389000
2768,5,3,1,2,4,1,2016,Sector 15,Panchkula,2,1,0,0,118470400
2804,6,5,1,2,7,3,2014,Gazipur Road,Zirakpur,3,0,0,1,33003080
2899,9,2,1,0,5,2,2018,Sector 15,Panchkula,2,1,0,0,121758000
2711,6,2,1,0,3,2,2023,Peer Muchalla,Zirakpur,2,1,0,1,44731500
2547,7,3,1,0,6,2,2022,Phase 10,Mohali,1,1,0,1,72844200
2038,10,4,1,2,5,2,2017,Phase 3B2,Mohali,2,1,0,1,63911680
1915,9,4,1,1,7,3,2015,Highland Marg,Zirakpur,1,1,1,1,26427000
2289,10,5,1,0,7,2,2014,Sector 20,Panchkula,2,1,0,1,50358000
2060,9,3,1,2,5,3,2020,Highland Marg,Zirakpur,1,0,0,0,25214400
2467,6,3,1,0,5,3,2013,Sector 22,Chandigarh,1,1,0,1,62415100
2760,5,3,1,0,5,1,2022,Sector 20,Panchkula,2,0,0,0,55200000
2859,8,5,1,1,8,1,2010,Phase 10,Mohali,3,1,0,0,78050700
2852,6,3,1,2,4,2,2007,Phase 10,Mohali,3,1,1,0,83050240
1678,9,3,1,1,4,2,2017,Highland Marg,Zirakpur,3,0,0,0,20136000
1575,5,2,1,1,5,2,2007,Phase 3B2,Mohali,1,1,0,1,48510000
2166,9,5,1,0,7,2,2012,Phase 3B2,Mohali,1,0,0,1,63680400
2205,5,4,1,1,7,1,2014,Peer Muchalla,Zirakpur,2,0,1,0,34728750
1879,5,3,1,1,6,1,2005,Peer Muchalla,Zirakpur,1,0,1,1,31003500
1588,10,2,1,2,3,3,2006,Phase 3B2,Mohali,2,0,0,0,45353280
2015,10,3,1,2,5,1,2012,Phase 3B2,Mohali,2,0,0,1,60369400
2941,9,5,1,0,7,1,2021,Sector 20,Panchkula,2,0,0,0,58820000
2184,5,4,1,0,7,3,2009,Sector 15,Panchkula,2,0,0,0,87360000
2725,6,2,1,2,3,1,2014,Sector 22,Chandigarh,2,1,0,0,67062250
2306,6,3,1,1,4,3,2005,Sector 20,Panchkula,3,0,0,1,48426000
1914,5,5,1,0,6,1,2005,Sector 36,Chandigarh,1,0,1,0,130630500
1786,6,2,1,0,4,1,2013,Peer Muchalla,Zirakpur,3,0,0,0,26790000
1711,8,5,1,0,8,2,2023,Sector 20,Panchkula,2,1,0,1,37642000
2426,5,3,1,2,5,2,2023,Sector 36,Chandigarh,3,0,0,1,168728300
2568,10,3,1,2,4,3,2007,Sector 15,Panchkula,1,0,0,0,104774400
2339,9,2,1,2,4,2,2019,Sector 15,Panchkula,3,1,0,0,100109200
1763,10,2,1,0,4,1,2017,Highland Marg,Zirakpur,3,1,0,0,22213800
2913,9,3,1,0,5,2,2008,Dhakauli,Zirakpur,3,0,1,1,32043000
1621,8,3,1,2,6,3,2019,Dhakauli,Zirakpur,3,1,0,0,17344700
2030,5,3,1,1,4,2,2018,Sector 36,Chandigarh,3,1,1,1,151742500
2166,7,4,1,0,6,3,2016,Phase 3B2,Mohali,2,0,0,1,63680400
2279,10,4,1,2,7,1,2008,Phase 3B2,Mohali,1,1,0,0,68278840
2572,9,5,1,2,7,2,2021,Gazipur Road,Zirakpur,1,1,0,0,30272440
2000,5,2,1,0,5,2,2012,Gazipur Road,Zirakpur,3,0,0,1,23100000
2597,6,5,1,2,7,3,2016,Sector 20,Panchkula,3,0,1,1,58172800
2156,6,3,1,2,6,3,2005,Gazipur Road,Zirakpur,1,0,0,1,25376120
2061,8,2,1,2,5,1,2023,Sector 36,Chandigarh,2,0,1,1,150040800
1503,6,5,1,2,7,2,2021,Peer Muchalla,Zirakpur,1,1,1,1,26377650
2378,5,2,1,0,4,2,2014,Phase 3B2,Mohali,2,0,0,1,69913200
2595,10,2,1,2,5,1,2021,Highland Marg,Zirakpur,1,1,1,1,36433800
2090,9,2,1,0,5,2,2012,Sector 22,Chandigarh,3,0,1,0,50473500
2212,8,3,1,2,5,2,2023,Highland Marg,Zirakpur,1,1,1,0,29729280
1504,9,5,1,0,7,2,2017,Peer Muchalla,Zirakpur,3,1,0,1,24816000
2335,7,4,1,2,7,1,2019,Gazipur Road,Zirakpur,2,0,0,1,27482950
2473,7,3,1,1,6,3,2007,Gazipur Road,Zirakpur,3,0,1,1,29923300
1532,10,2,1,0,5,1,2008,Highland Marg,Zirakpur,1,0,1,0,19303200
2809,7,5,1,2,8,3,2011,Sector 36,Chandigarh,3,1,1,1,213624450
2722,8,2,1,2,5,2,2012,Peer Muchalla,Zirakpur,3,0,1,0,43688100
1946,5,2,1,0,4,2,2017,Phase 10,Mohali,2,0,0,1,53125800
2821,7,4,1,2,6,1,2005,Dhakauli,Zirakpur,1,1,1,0,31595200
2896,10,5,1,0,8,3,2021,Dhakauli,Zirakpur,3,0,1,0,30408000
2375,7,2,1,2,5,3,2014,Sector 22,Chandigarh,1,0,1,0,58448750
2688,8,4,1,0,7,3,2007,Sector 15,Panchkula,1,1,0,0,112896000
2047,5,3,1,2,6,1,2008,Highland Marg,Zirakpur,1,1,1,1,28739880
2340,9,4,1,1,7,2,2021,Sector 20,Panchkula,1,0,1,0,49140000
2166,9,4,1,1,6,1,2014,Phase 10,Mohali,3,0,1,0,59131800
1606,10,4,1,2,6,2,2011,Highland Marg,Zirakpur,2,1,0,1,21584640
2319,5,4,1,0,6,2,2021,Dhakauli,Zirakpur,2,0,1,1,25509000
1708,8,3,1,2,4,1,2020,Highland Marg,Zirakpur,1,0,1,1,22955520
1542,5,3,1,1,5,1,2005,Gazipur Road,Zirakpur,2,1,1,0,18658200
2537,9,3,1,0,6,2,2022,Dhakauli,Zirakpur,3,1,0,0,26638500
2809,9,2,1,1,5,3,2009,Phase 3B2,Mohali,1,1,1,0,86517200
2655,9,3,1,0,6,1,2022,Phase 3B2,Mohali,2,1,0,0,78057000
2777,10,5,1,2,8,2,2014,Sector 22,Chandigarh,3,0,0,1,68341970
2637,10,2,1,0,3,2,2011,Phase 10,Mohali,2,1,1,1,78846300
1895,9,2,1,1,3,3,2005,Sector 15,Panchkula,2,0,1,0,79590000
2859,7,3,1,0,6,1,2021,Phase 10,Mohali,2,1,1,1,85484100
1793,8,4,1,0,6,3,2007,Sector 15,Panchkula,3,1,1,1,82478000
2619,9,5,1,2,8,1,2015,Highland Marg,Zirakpur,3,1,1,0,35199360
2106,6,3,1,2,6,2,2015,Phase 10,Mohali,1,0,0,0,55851120
2212,7,5,1,0,8,3,2009,Sector 36,Chandigarh,1,0,1,1,158158000
2138,6,4,1,0,5,2,2021,Phase 10,Mohali,1,0,1,0,58367400
1800,8,3,1,0,5,1,2017,Sector 20,Panchkula,2,0,0,0,36000000
2615,9,5,1,0,8,3,2010,Phase 10,Mohali,1,1,1,0,74789000
2804,8,4,1,1,5,2,2023,Gazipur Road,Zirakpur,2,0,1,1,33928400
1516,5,2,1,2,4,3,2008,Sector 20,Panchkula,1,1,0,1,33958400
1966,7,3,1,1,6,2,2008,Sector 22,Chandigarh,1,1,1,0,49739800
2754,8,3,1,2,4,1,2008,Dhakauli,Zirakpur,3,0,0,1,29467800
2594,7,3,1,1,5,1,2017,Phase 10,Mohali,2,0,1,1,74188400
2557,10,4,1,0,5,2,2020,Highland Marg,Zirakpur,3,1,0,0,32218200
1777,9,3,1,0,4,2,2014,Gazipur Road,Zirakpur,2,1,0,0,20524350
1521,5,5,1,1,6,1,2008,Phase 10,Mohali,3,0,1,0,41523300
1599,10,5,1,2,7,1,2010,Gazipur Road,Zirakpur,2,0,1,1,19699680
2371,6,5,1,0,6,1,2022,Sector 15,Panchkula,2,0,1,1,104324000
2010,8,2,1,1,5,3,2011,Dhakauli,Zirakpur,1,1,0,1,22110000
1746,8,5,1,0,8,3,2023,Sector 36,Chandigarh,2,1,0,1,124839000
2193,6,3,1,2,6,2,2008,Dhakauli,Zirakpur,3,0,1,0,23465100
2331,8,5,1,2,6,1,2020,Sector 22,Chandigarh,2,0,0,1,57365910
2101,6,4,1,1,7,1,2015,Sector 22,Chandigarh,3,0,1,0,50739150
1605,8,2,1,1,4,3,2006,Sector 15,Panchkula,3,0,1,0,67410000
1742,6,3,1,1,5,3,2018,Highland Marg,Zirakpur,2,0,1,1,22994400
1891,6,4,1,1,6,2,2014,Sector 36,Chandigarh,3,0,0,1,129060750
2058,10,4,1,1,6,3,2018,Sector 36,Chandigarh,3,1,0,0,140458500
2589,8,4,1,0,7,3,2021,Sector 15,Panchkula,2,1,1,1,119094000
1626,8,5,1,1,8,1,2015,Dhakauli,Zirakpur,1,0,1,0,17073000
2614,5,4,1,2,7,2,2014,Phase 3B2,Mohali,2,1,1,1,85634640
2942,9,5,1,0,7,2,2010,Gazipur Road,Zirakpur,3,0,0,0,32362000
2588,7,3,1,1,5,3,2013,Peer Muchalla,Zirakpur,2,1,1,0,42702000
2603,5,2,1,2,4,3,2016,Sector 36,Chandigarh,2,0,0,0,172578900
2895,6,4,1,2,7,3,2013,Highland Marg,Zirakpur,2,0,1,1,38908800
2721,10,2,1,0,5,3,2006,Sector 36,Chandigarh,3,1,0,0,185708250
2076,9,5,1,0,7,2,2017,Phase 10,Mohali,1,1,0,1,59373600
2285,8,4,1,1,7,1,2023,Phase 10,Mohali,3,0,0,0,59410000
2001,9,3,1,0,4,1,2008,Phase 10,Mohali,1,1,0,0,54627300
2991,8,5,1,0,6,1,2021,Phase 3B2,Mohali,2,1,1,0,92122800
2468,9,2,1,0,4,1,2014,Sector 36,Chandigarh,3,0,0,0,160420000
2973,6,5,1,1,6,3,2014,Phase 10,Mohali,1,1,1,0,85027800
1885,10,4,1,0,7,3,2008,Sector 22,Chandigarh,3,1,1,0,47690500
2512,8,2,1,0,5,1,2010,Dhakauli,Zirakpur,3,0,1,1,27632000
2982,5,3,1,1,5,2,2014,Peer Muchalla,Zirakpur,2,1,1,0,49203000
1573,8,4,1,1,5,1,2015,Sector 36,Chandigarh,1,1,1,1,117581750
2750,7,2,1,1,4,1,2019,Gazipur Road,Zirakpur,2,1,0,1,33275000
1778,10,3,1,1,6,3,2012,Sector 22,Chandigarh,2,1,1,1,47028100
2236,9,3,1,2,5,1,2013,Phase 3B2,Mohali,1,1,0,1,70120960
1988,7,3,1,1,6,3,2016,Sector 36,Chandigarh,1,1,1,0,142142000
2219,7,2,1,1,4,3,2021,Sector 36,Chandigarh,3,0,0,1,151446750
2248,8,2,1,2,4,2,2017,Dhakauli,Zirakpur,2,0,1,1,25177600
2783,5,3,1,2,5,1,2008,Peer Muchalla,Zirakpur,3,0,0,1,44667150
1815,10,4,1,0,6,3,2016,Peer Muchalla,Zirakpur,1,1,0,1,29947500
2023,6,4,1,0,5,3,2021,Sector 20,Panchkula,3,1,1,1,46529000
1533,5,3,1,2,5,3,2018,Sector 15,Panchkula,2,0,0,0,62546400
1702,9,4,1,0,7,3,2021,Sector 20,Panchkula,3,1,0,0,35742000
2506,8,4,1,1,6,3,2010,Sector 22,Chandigarh,2,1,0,0,60519900
2896,5,5,1,0,7,1,2010,Phase 10,Mohali,3,1,0,1,82825600
2518,9,3,1,2,5,3,2017,Phase 10,Mohali,3,1,0,1,73324160
2522,10,3,1,2,6,3,2007,Dhakauli,Zirakpur,3,0,1,0,26985400
2604,6,3,1,1,4,3,2009,Dhakauli,Zirakpur,2,0,0,0,26040000
1854,5,4,1,1,5,1,2016,Highland Marg,Zirakpur,1,1,1,0,24472800
2558,10,5,1,2,8,3,2023,Peer Muchalla,Zirakpur,1,0,1,0,41055900
2096,8,2,1,2,5,3,2005,Phase 3B2,Mohali,3,0,0,0,59861760
1517,9,4,1,1,6,1,2023,Highland Marg,Zirakpur,2,1,0,1,20024400
2565,6,2,1,2,4,3,2020,Highland Marg,Zirakpur,2,0,0,1,32934600
1967,6,2,1,0,3,1,2016,Peer Muchalla,Zirakpur,3,0,1,0,30980250
1701,8,4,1,0,5,1,2013,Phase 3B2,Mohali,3,1,1,0,52390800
2617,8,5,1,0,6,3,2010,Dhakauli,Zirakpur,1,0,0,0,26170000
2958,8,5,1,0,8,2,2008,Highland Marg,Zirakpur,3,1,0,1,39045600
2644,5,3,1,2,4,3,2021,Phase 10,Mohali,3,1,1,0,76993280
2494,7,2,1,1,3,3,2015,Sector 15,Panchkula,2,1,1,1,114724000
2757,8,5,1,2,7,1,2009,Gazipur Road,Zirakpur,2,1,1,0,33966240
2466,7,3,1,1,4,2,2022,Sector 20,Panchkula,1,0,1,0,51786000
2677,10,4,1,2,7,3,2012,Peer Muchalla,Zirakpur,3,1,1,1,46981350
2714,9,5,1,2,7,2,2020,Gazipur Road,Zirakpur,3,1,0,1,33436480
2124,7,4,1,2,7,2,2022,Sector 22,Chandigarh,2,0,1,1,54714240
2399,10,2,1,1,4,2,2018,Highland Marg,Zirakpur,1,0,0,0,28788000
1756,6,4,1,0,6,1,2023,Peer Muchalla,Zirakpur,1,0,0,0,26340000
2989,8,4,1,1,6,3,2019,Peer Muchalla,Zirakpur,2,1,0,0,47076750
1704,5,2,1,2,4,1,2008,Highland Marg,Zirakpur,3,1,0,1,22901760
2675,6,5,1,0,7,2,2012,Dhakauli,Zirakpur,3,0,1,0,28087500
2419,6,4,1,1,7,1,2011,Highland Marg,Zirakpur,2,0,0,0,29028000
1912,9,5,1,1,7,3,2014,Sector 20,Panchkula,2,1,0,0,40152000
2550,7,4,1,0,5,1,2023,Sector 22,Chandigarh,3,0,1,0,61582500
1596,6,4,1,0,5,2,2010,Phase 3B2,Mohali,1,0,1,0,46922400
2773,8,3,1,2,6,1,2011,Dhakauli,Zirakpur,2,0,1,0,29671100
2861,8,3,1,1,4,3,2017,Sector 15,Panchkula,3,1,1,1,131606000
2706,9,5,1,2,6,1,2005,Dhakauli,Zirakpur,3,0,1,1,30307200
2979,5,2,1,0,3,1,2007,Dhakauli,Zirakpur,3,0,0,1,31279500
2934,9,4,1,1,6,2,2005,Peer Muchalla,Zirakpur,3,0,1,0,46210500
1793,9,5,1,0,7,2,2008,Phase 10,Mohali,1,1,1,0,51279800
2364,10,5,1,1,6,1,2009,Peer Muchalla,Zirakpur,3,0,1,0,37233000
1682,9,5,1,0,6,2,2023,Peer Muchalla,Zirakpur,2,0,0,1,26491500
2725,10,5,1,0,8,2,2020,Gazipur Road,Zirakpur,1,1,1,0,32972500
2763,5,5,1,2,6,3,2009,Phase 3B2,Mohali,2,1,0,0,82779480
2966,7,3,1,1,5,2,2011,Sector 20,Panchkula,2,0,1,0,62286000
2796,6,5,1,0,7,3,2012,Phase 10,Mohali,1,0,0,1,76330800
1692,5,5,1,0,8,1,2011,Phase 3B2,Mohali,2,1,0,1,52113600
1981,8,5,1,1,8,3,2022,Sector 20,Panchkula,1,1,1,0,43582000
2609,8,2,1,1,3,3,2011,Highland Marg,Zirakpur,1,0,0,0,31308000
2754,6,5,1,0,6,2,2011,Phase 10,Mohali,2,1,0,1,78764400
2711,8,3,1,1,6,3,2013,Sector 20,Panchkula,1,0,0,0,54220000
2006,7,4,1,0,5,1,2008,Phase 10,Mohali,2,1,1,1,59979400
2304,8,5,1,0,8,3,2016,Sector 20,Panchkula,2,0,0,0,46080000
1940,7,5,1,1,6,3,2012,Phase 3B2,Mohali,2,0,1,0,57036000
2703,6,2,1,1,5,3,2008,Sector 15,Panchkula,1,1,1,0,118932000
2626,10,3,1,1,6,3,2012,Dhakauli,Zirakpur,1,1,0,0,27573000
2250,9,3,1,2,4,1,2016,Gazipur Road,Zirakpur,1,1,1,1,28957500
2745,9,2,1,2,4,3,2022,Phase 10,Mohali,1,0,1,1,79934400
2845,7,3,1,2,6,2,2012,Sector 15,Panchkula,1,1,0,1,127456000
2670,8,3,1,1,4,3,2011,Dhakauli,Zirakpur,2,1,1,0,29370000
1559,10,3,1,1,6,2,2014,Sector 20,Panchkula,2,1,0,0,32739000
2890,10,4,1,2,7,3,2013,Sector 15,Panchkula,3,1,0,1,129472000
1897,8,5,1,1,8,3,2023,Peer Muchalla,Zirakpur,3,0,1,0,29877750
1534,10,2,1,2,3,1,2008,Dhakauli,Zirakpur,1,1,1,1,17947800
1923,5,3,1,1,6,2,2012,Sector 36,Chandigarh,1,0,0,1,131244750
2205,10,4,1,2,5,3,2020,Phase 10,Mohali,2,1,0,1,64209600
2475,10,4,1,2,7,1,2009,Phase 3B2,Mohali,2,1,1,1,81081000
1822,8,3,1,0,4,1,2007,Peer Muchalla,Zirakpur,2,1,1,0,30063000
2512,10,3,1,1,6,1,2011,Sector 22,Chandigarh,2,0,1,1,63553600
2773,8,3,1,0,4,3,2009,Sector 15,Panchkula,3,0,0,0,110920000
2050,9,5,1,2,8,1,2012,Phase 10,Mohali,3,1,1,0,59696000
1778,10,2,1,1,3,3,2021,Gazipur Road,Zirakpur,1,1,0,0,20535900
1929,9,3,1,2,5,3,2013,Dhakauli,Zirakpur,2,1,1,1,22569300
2249,10,4,1,2,5,2,2019,Peer Muchalla,Zirakpur,1,0,0,1,36096450
2439,9,3,1,0,5,3,2010,Peer Muchalla,Zirakpur,2,0,1,0,38414250
2636,6,3,1,0,5,1,2009,Peer Muchalla,Zirakpur,3,0,0,1,41517000
2776,6,4,1,2,7,1,2013,Sector 20,Panchkula,2,1,1,0,62182400
1768,7,2,1,0,3,2,2023,Phase 10,Mohali,3,0,0,0,45968000
1957,5,2,1,0,4,3,2021,Sector 36,Chandigarh,1,1,0,1,139925500
2643,5,5,1,1,8,3,2020,Sector 36,Chandigarh,2,1,0,0,180384750
2670,5,2,1,1,4,2,2005,Peer Muchalla,Zirakpur,2,1,1,1,46057500
2757,9,3,1,0,6,1,2009,Phase 10,Mohali,2,0,0,0,71682000
1767,7,4,1,2,5,1,2015,Sector 15,Panchkula,1,1,0,1,79161600
2653,8,2,1,2,3,1,2015,Dhakauli,Zirakpur,2,1,0,0,28387100
1518,7,3,1,0,4,2,2008,Phase 10,Mohali,2,0,0,1,41441400
2744,8,2,1,0,5,3,2016,Phase 3B2,Mohali,1,0,1,1,84515200
2029,5,2,1,1,4,1,2018,Highland Marg,Zirakpur,2,0,1,0,25565400
2206,7,5,1,1,6,3,2010,Peer Muchalla,Zirakpur,1,0,1,0,34744500
2379,7,2,1,0,4,1,2017,Gazipur Road,Zirakpur,1,1,1,0,28785900
2553,10,3,1,1,6,2,2009,Sector 36,Chandigarh,2,1,1,0,182539500
2644,5,5,1,2,8,2,2007,Sector 20,Panchkula,1,1,1,1,61869600
2201,5,5,1,0,6,3,2020,Sector 20,Panchkula,1,0,0,0,44020000
1664,6,2,1,1,5,2,2021,Phase 3B2,Mohali,3,0,1,0,48921600
2590,5,4,1,1,6,1,2011,Sector 36,Chandigarh,3,0,0,0,168350000
1500,9,2,1,0,4,1,2009,Highland Marg,Zirakpur,2,0,0,0,18000000
1953,8,2,1,0,3,3,2005,Sector 22,Chandigarh,1,1,1,1,51656850
2282,9,4,1,0,6,3,2019,Sector 15,Panchkula,3,1,0,0,95844000
1971,8,3,1,1,5,3,2012,Peer Muchalla,Zirakpur,1,0,1,0,31043250
2920,8,3,1,2,6,3,2007,Highland Marg,Zirakpur,3,1,0,0,37492800
1516,5,3,1,1,5,1,2019,Sector 36,Chandigarh,1,0,1,1,108394000
2315,6,4,1,1,7,1,2014,Sector 36,Chandigarh,1,1,0,1,165522500
2345,6,3,1,1,5,3,2011,Sector 22,Chandigarh,1,1,0,1,59328500
1548,9,2,1,1,5,1,2008,Dhakauli,Zirakpur,2,1,0,0,16254000
2342,5,5,1,1,8,1,2010,Highland Marg,Zirakpur,2,0,1,1,30914400
2718,5,3,1,0,5,2,2016,Sector 20,Panchkula,3,0,1,0,57078000
2045,9,3,1,0,4,1,2014,Peer Muchalla,Zirakpur,1,1,1,1,35276250
2775,5,2,1,1,3,2,2016,Sector 20,Panchkula,3,1,0,1,61050000
1638,6,5,1,1,7,2,2005,Sector 20,Panchkula,2,1,1,0,36036000
2368,9,3,1,0,4,1,2005,Sector 15,Panchkula,1,1,0,0,99456000
2414,9,5,1,0,7,2,2006,Phase 3B2,Mohali,2,1,0,1,74351200
1904,6,4,1,0,5,2,2010,Sector 36,Chandigarh,2,0,1,1,136136000
2245,7,5,1,2,6,2,2023,Peer Muchalla,Zirakpur,3,0,0,1,36032250
2077,5,5,1,1,6,2,2008,Phase 3B2,Mohali,3,1,1,1,66879400
1833,5,4,1,1,6,3,2019,Gazipur Road,Zirakpur,3,1,0,0,21171150
2970,8,3,1,1,6,2,2021,Gazipur Road,Zirakpur,2,1,0,0,34303500
2650,9,5,1,0,7,1,2017,Highland Marg,Zirakpur,3,1,1,0,34980000
2429,5,2,1,1,5,1,2010,Peer Muchalla,Zirakpur,3,1,0,0,38256750
2771,8,2,1,2,3,2,2008,Gazipur Road,Zirakpur,2,0,0,0,31090620
2377,10,2,1,2,3,2,2012,Dhakauli,Zirakpur,1,0,1,0,25433900
2418,6,4,1,1,5,3,2007,Sector 36,Chandigarh,1,0,0,1,165028500
2918,6,4,1,0,7,2,2015,Sector 36,Chandigarh,1,0,1,0,199153500
2858,7,2,1,2,3,3,2005,Dhakauli,Zirakpur,3,0,1,1,32009600
2721,9,3,1,0,6,1,2008,Dhakauli,Zirakpur,1,0,0,0,27210000
1582,5,5,1,1,7,1,2018,Dhakauli,Zirakpur,3,1,1,1,18193000
1749,10,2,1,1,4,1,2005,Sector 36,Chandigarh,3,1,1,1,130737750
2351,9,5,1,1,8,3,2019,Phase 10,Mohali,1,0,0,1,64182300
2212,9,3,1,1,5,1,2006,Highland Marg,Zirakpur,3,0,0,0,26544000
2187,5,3,1,0,6,2,2021,Sector 20,Panchkula,1,1,1,1,50301000
2962,6,2,1,1,3,1,2008,Sector 36,Chandigarh,2,1,1,1,221409500
1534,10,3,1,0,5,2,2018,Sector 22,Chandigarh,2,0,1,0,37046100
2984,6,3,1,0,6,1,2012,Highland Marg,Zirakpur,3,0,0,1,37598400
2642,10,3,1,0,5,1,2005,Sector 20,Panchkula,1,1,1,1,60766000
1944,9,4,1,2,5,1,2007,Sector 20,Panchkula,2,0,0,1,41601600
2652,5,4,1,2,7,2,2007,Peer Muchalla,Zirakpur,3,0,0,0,40575600
1599,6,4,1,2,5,2,2011,Sector 22,Chandigarh,1,0,1,1,41190240
1955,5,3,1,0,5,2,2012,Gazipur Road,Zirakpur,2,1,1,1,24730750
1731,10,2,1,0,3,2,2014,Phase 3B2,Mohali,2,0,0,1,50891400
2440,6,4,1,1,5,1,2022,Phase 3B2,Mohali,1,0,0,1,71736000
2627,9,3,1,0,5,3,2016,Dhakauli,Zirakpur,1,0,0,0,26270000
2920,6,5,1,0,6,3,2022,Sector 22,Chandigarh,1,1,1,0,73876000
1663,8,4,1,1,6,2,2009,Sector 15,Panchkula,1,0,0,0,66520000
2296,7,2,1,2,5,2,2009,Sector 36,Chandigarh,1,0,0,1,159686800
1838,6,3,1,2,5,3,2014,Peer Muchalla,Zirakpur,2,1,0,0,29499900
1810,5,3,1,0,5,2,2021,Sector 20,Panchkula,1,0,1,0,38010000
2657,8,5,1,1,6,1,2022,Sector 15,Panchkula,1,1,0,0,111594000
2901,8,3,1,0,6,3,2014,Phase 10,Mohali,2,1,0,0,79197300
1615,8,2,1,1,5,3,2016,Highland Marg,Zirakpur,3,0,0,0,19380000
1836,6,3,1,1,6,3,2009,Sector 36,Chandigarh,2,1,0,1,131274000
1626,8,4,1,1,5,1,2010,Sector 36,Chandigarh,3,1,0,1,116259000
2435,6,5,1,2,6,2,2015,Phase 3B2,Mohali,2,1,0,1,76361600
2619,7,2,1,1,3,1,2008,Peer Muchalla,Zirakpur,1,0,0,0,39285000
2898,6,5,1,2,8,1,2019,Sector 22,Chandigarh,3,1,1,1,77985180
2625,5,5,1,1,6,3,2013,Sector 20,Panchkula,1,1,1,1,60375000
2091,7,2,1,0,3,1,2010,Peer Muchalla,Zirakpur,1,1,1,0,34501500
2070,7,3,1,0,6,3,2022,Highland Marg,Zirakpur,2,0,1,1,27324000
2064,9,2,1,0,4,3,2018,Gazipur Road,Zirakpur,2,1,1,0,24974400
2628,9,2,1,2,3,2,2011,Sector 15,Panchkula,2,1,0,1,117734400
2382,7,4,1,0,7,1,2011,Sector 36,Chandigarh,3,0,1,1,170313000
2307,8,4,1,0,5,2,2006,Peer Muchalla,Zirakpur,2,0,1,0,36335250
1856,6,4,1,2,6,2,2008,Sector 22,Chandigarh,2,1,1,1,49944960
1576,5,2,1,1,5,2,2010,Sector 36,Chandigarh,1,1,0,1,112684000
2109,5,4,1,2,5,3,2008,Phase 10,Mohali,2,0,0,1,58672380
2751,5,5,1,0,8,3,2022,Phase 3B2,Mohali,3,0,1,0,80879400
2087,9,3,1,2,5,1,2005,Gazipur Road,Zirakpur,1,0,1,1,25711840
2826,6,5,1,2,6,3,2014,Phase 3B2,Mohali,3,0,1,0,84666960
2916,6,4,1,0,7,2,2012,Phase 3B2,Mohali,2,0,1,1,89812800
1500,8,5,1,2,6,3,2016,Dhakauli,Zirakpur,1,0,1,0,16050000
2866,10,3,1,2,4,2,2022,Gazipur Road,Zirakpur,2,0,0,0,32156520
1791,7,2,1,0,3,1,2007,Sector 15,Panchkula,2,1,1,0,78804000
2644,5,2,1,0,5,2,2008,Sector 22,Chandigarh,2,0,1,1,66893200
2001,10,2,1,2,3,2,2016,Peer Muchalla,Zirakpur,1,0,0,1,32116050
1972,10,5,1,0,8,2,2022,Sector 20,Panchkula,2,0,0,0,39440000
1775,6,4,1,2,5,2,2013,Dhakauli,Zirakpur,3,0,0,1,18992500
1828,7,5,1,2,6,2,2011,Phase 3B2,Mohali,2,0,1,0,54766880
1753,10,5,1,1,8,3,2006,Highland Marg,Zirakpur,1,0,1,0,22087800
2477,10,4,1,1,5,2,2012,Phase 10,Mohali,3,1,1,0,70842200
2797,9,3,1,0,4,1,2009,Phase 10,Mohali,1,0,0,1,76358100
2764,9,5,1,2,8,2,2007,Sector 22,Chandigarh,3,1,1,0,71200640
1969,6,2,1,0,4,1,2013,Dhakauli,Zirakpur,3,0,1,1,21659000
1709,8,3,1,2,5,1,2019,Peer Muchalla,Zirakpur,2,1,0,1,28711200
2053,7,5,1,0,6,3,2021,Gazipur Road,Zirakpur,1,1,1,0,24841300
1756,8,4,1,0,7,2,2021,Phase 10,Mohali,2,1,0,1,50221600
2519,5,3,1,2,4,2,2009,Highland Marg,Zirakpur,1,0,0,0,30832560
2098,8,3,1,1,4,1,2009,Phase 10,Mohali,1,1,1,1,62730200
2862,5,5,1,2,7,2,2022,Highland Marg,Zirakpur,3,0,0,0,35030880
2889,6,2,1,1,4,3,2017,Phase 3B2,Mohali,2,0,0,0,80892000
2814,6,3,1,2,4,1,2016,Sector 20,Panchkula,1,0,0,0,57405600
1828,9,4,1,2,7,2,2018,Sector 15,Panchkula,2,0,0,0,74582400
2574,8,2,1,2,4,2,2008,Sector 20,Panchkula,2,0,1,0,55083600
1800,10,2,1,2,4,3,2015,Dhakauli,Zirakpur,2,1,0,1,20160000
2650,10,5,1,0,6,3,2017,Dhakauli,Zirakpur,2,0,0,0,26500000
1856,7,4,1,2,7,1,2009,Sector 20,Panchkula,2,0,1,1,41574400
2754,6,3,1,1,4,2,2013,Phase 10,Mohali,1,1,1,0,78764400
2241,8,2,1,1,5,2,2009,Sector 36,Chandigarh,3,1,0,1,160231500
2016,9,5,1,0,8,3,2018,Sector 15,Panchkula,1,0,0,1,84672000
2930,10,2,1,0,3,1,2015,Phase 3B2,Mohali,2,0,0,0,82040000
2581,5,4,1,0,7,1,2012,Sector 36,Chandigarh,3,0,0,1,176153250
2607,8,5,1,1,6,1,2018,Gazipur Road,Zirakpur,2,0,1,0,30110850
2732,5,4,1,2,7,1,2015,Dhakauli,Zirakpur,1,1,1,1,31964400
1769,9,4,1,0,6,2,2023,Sector 22,Chandigarh,2,0,1,0,42721350
2328,9,4,1,0,6,2,2010,Phase 3B2,Mohali,1,1,1,1,74961600
2402,6,5,1,1,8,3,2009,Dhakauli,Zirakpur,2,0,1,1,26422000
2410,9,3,1,1,5,2,2015,Sector 22,Chandigarh,2,0,1,1,60973000
1802,7,5,1,2,7,3,2013,Sector 20,Panchkula,1,0,1,1,40364800
1669,10,3,1,1,4,3,2012,Sector 20,Panchkula,2,0,0,0,33380000
1990,7,4,1,0,5,3,2012,Highland Marg,Zirakpur,3,0,0,0,23880000
1986,7,2,1,0,3,1,2012,Sector 20,Panchkula,1,1,1,1,45678000
2532,8,2,1,1,5,2,2007,Dhakauli,Zirakpur,2,0,0,1,26586000
1531,8,3,1,0,5,3,2016,Sector 36,Chandigarh,1,1,0,0,104490750
2205,5,2,1,0,5,1,2023,Phase 10,Mohali,3,1,0,1,63063000
2094,8,3,1,0,5,2,2009,Phase 3B2,Mohali,1,0,1,0,61563600
2306,6,3,1,0,6,3,2019,Phase 10,Mohali,2,0,0,0,59956000
2716,6,4,1,1,7,2,2007,Gazipur Road,Zirakpur,3,0,1,0,31369800
2669,5,2,1,0,4,2,2020,Sector 22,Chandigarh,2,1,1,0,67525700
2565,7,2,1,0,5,3,2011,Phase 10,Mohali,3,1,0,0,70024500
2578,10,2,1,1,3,2,2012,Gazipur Road,Zirakpur,1,1,1,1,32611700
1715,6,5,1,1,8,1,2018,Gazipur Road,Zirakpur,1,0,0,0,18865000
2286,5,5,1,1,6,1,2023,Gazipur Road,Zirakpur,2,0,0,1,26403300
1518,9,5,1,2,8,1,2018,Sector 22,Chandigarh,2,1,0,0,37357980
2256,7,3,1,2,4,3,2022,Sector 20,Panchkula,3,1,0,0,48278400
2750,9,3,1,2,4,3,2011,Sector 20,Panchkula,3,1,0,1,61600000
2364,8,5,1,2,8,3,2013,Dhakauli,Zirakpur,1,1,1,1,27658800
2740,10,3,1,2,5,1,2015,Sector 20,Panchkula,3,1,1,0,61376000
2359,10,5,1,0,7,3,2023,Sector 36,Chandigarh,3,0,1,0,161001750
1544,8,2,1,2,4,3,2018,Phase 10,Mohali,3,1,0,0,42954080
2717,9,5,1,2,7,2,2020,Phase 3B2,Mohali,2,0,0,1,81401320
2360,9,3,1,1,6,2,2016,Sector 22,Chandigarh,1,0,1,0,56994000
2567,5,3,1,2,6,2,2022,Sector 36,Chandigarh,1,0,1,0,178534850
2550,5,2,1,2,5,3,2021,Peer Muchalla,Zirakpur,3,0,1,1,42840000
1799,10,2,1,2,4,3,2020,Phase 10,Mohali,3,1,0,0,50048180
2796,8,4,1,1,6,3,2007,Sector 22,Chandigarh,1,0,1,1,70738800
2957,8,3,1,2,6,1,2013,Sector 36,Chandigarh,3,0,1,1,215269600
1992,8,2,1,0,3,3,2009,Sector 22,Chandigarh,2,1,1,1,52688400
2600,5,3,1,2,4,1,2018,Highland Marg,Zirakpur,1,0,0,1,33384000
2016,9,2,1,0,3,2,2022,Highland Marg,Zirakpur,1,0,0,0,24192000
2125,6,5,1,1,8,1,2009,Highland Marg,Zirakpur,2,1,1,1,29325000
1618,9,2,1,1,3,3,2007,Sector 36,Chandigarh,3,0,0,1,110428500
2545,8,2,1,1,4,2,2012,Dhakauli,Zirakpur,3,1,1,0,27995000
2653,10,3,1,1,4,3,2018,Sector 36,Chandigarh,1,0,0,0,172445000
2451,8,3,1,2,6,3,2013,Phase 3B2,Mohali,3,0,1,1,76863360
2219,6,5,1,2,6,3,2023,Sector 22,Chandigarh,1,0,0,1,54609590
2686,10,5,1,0,7,2,2021,Sector 36,Chandigarh,2,0,0,1,183319500
2858,8,5,1,2,7,1,2014,Peer Muchalla,Zirakpur,3,1,1,1,50157900
2173,9,4,1,0,5,2,2014,Gazipur Road,Zirakpur,2,1,1,1,27488450
1963,9,5,1,2,8,3,2013,Gazipur Road,Zirakpur,2,0,1,1,24184160
1821,6,4,1,0,6,1,2022,Sector 15,Panchkula,2,0,0,1,76482000
2098,9,3,1,1,5,3,2016,Phase 10,Mohali,1,1,0,1,60002800
1620,7,2,1,0,3,1,2007,Highland Marg,Zirakpur,1,0,0,1,20412000
2868,5,4,1,0,7,3,2008,Sector 36,Chandigarh,2,0,1,0,195741000
2124,9,3,1,2,4,3,2005,Sector 36,Chandigarh,1,0,1,0,147724200
2649,9,2,1,2,3,1,2010,Phase 3B2,Mohali,3,1,0,1,83072640
2857,9,3,1,2,6,2,2021,Sector 36,Chandigarh,1,0,1,1,207989600
2640,7,2,1,0,4,3,2015,Sector 20,Panchkula,1,0,0,0,52800000
2831,10,3,1,1,5,3,2016,Phase 10,Mohali,2,1,1,0,80966600
2108,9,4,1,0,6,2,2008,Sector 36,Chandigarh,3,1,0,0,143871000
1637,6,2,1,0,4,2,2023,Gazipur Road,Zirakpur,1,0,1,0,18907350
2021,7,4,1,1,7,2,2017,Dhakauli,Zirakpur,1,1,0,0,21220500
1963,10,2,1,1,5,3,2006,Sector 20,Panchkula,2,1,0,1,43186000
1646,9,2,1,0,4,1,2023,Phase 3B2,Mohali,3,0,1,0,48392400
2956,5,2,1,2,5,2,2019,Highland Marg,Zirakpur,2,1,1,1,41502240
1892,7,5,1,2,8,1,2006,Sector 15,Panchkula,3,0,0,1,80977600
2198,5,4,1,2,5,2,2016,Sector 20,Panchkula,3,0,0,0,44839200
2094,10,4,1,1,5,1,2020,Peer Muchalla,Zirakpur,1,1,0,1,34551000
1646,10,5,1,2,7,2,2016,Sector 15,Panchkula,2,1,1,1,77032800
2815,9,2,1,1,4,3,2014,Dhakauli,Zirakpur,3,1,0,1,30965000
2997,6,4,1,2,6,2,2005,Phase 10,Mohali,1,0,0,1,83376540
1843,7,4,1,0,5,1,2022,Sector 22,Chandigarh,1,1,0,0,44508450
1700,8,2,1,0,4,1,2006,Sector 36,Chandigarh,3,0,0,1,116025000
2236,7,4,1,1,5,3,2012,Dhakauli,Zirakpur,3,0,0,1,23478000
2737,7,2,1,2,4,1,2011,Sector 15,Panchkula,1,0,0,1,117143600
2812,7,5,1,0,8,1,2008,Gazipur Road,Zirakpur,3,0,1,1,34025200
2522,8,2,1,2,3,1,2015,Dhakauli,Zirakpur,3,1,1,1,29507400
2903,9,3,1,2,6,2,2018,Sector 36,Chandigarh,2,0,0,0,192468900
2358,8,2,1,2,4,3,2013,Phase 3B2,Mohali,3,1,0,0,70645680
2171,8,4,1,1,7,1,2011,Sector 22,Chandigarh,2,1,1,0,54926300
2945,6,4,1,1,7,2,2006,Phase 10,Mohali,1,0,1,0,80398500
2562,7,5,1,2,7,1,2005,Sector 36,Chandigarh,1,1,0,0,178187100
1613,7,5,1,1,7,3,2019,Gazipur Road,Zirakpur,2,0,0,0,17743000
1847,10,4,1,1,7,2,2010,Peer Muchalla,Zirakpur,3,0,1,1,30475500
1684,5,3,1,1,5,2,2017,Phase 10,Mohali,1,1,0,0,45973200
2265,9,4,1,2,7,2,2010,Phase 3B2,Mohali,1,1,1,1,74201400
1825,7,2,1,0,3,2,2023,Dhakauli,Zirakpur,1,1,0,0,19162500
1886,8,2,1,0,3,1,2022,Phase 3B2,Mohali,3,0,0,0,52808000
2086,6,3,1,1,5,3,2022,Sector 36,Chandigarh,3,0,1,1,149149000
1643,6,5,1,0,7,3,2023,Sector 20,Panchkula,3,0,1,0,34503000
2298,8,4,1,2,7,3,2021,Peer Muchalla,Zirakpur,3,1,1,1,40329900
2856,7,5,1,1,6,1,2020,Gazipur Road,Zirakpur,2,0,1,1,34557600
2419,5,3,1,2,6,1,2012,Phase 10,Mohali,3,0,1,1,70441280
2632,7,5,1,1,8,3,2013,Peer Muchalla,Zirakpur,3,0,1,1,43428000
1958,5,3,1,2,5,3,2009,Sector 15,Panchkula,2,1,0,0,83802400
1980,5,2,1,0,4,2,2022,Dhakauli,Zirakpur,2,1,1,0,21780000
2745,9,5,1,0,6,1,2021,Peer Muchalla,Zirakpur,1,0,0,1,43233750
2676,9,5,1,2,8,2,2020,Phase 3B2,Mohali,2,1,0,0,80172960
1898,7,3,1,2,6,2,2020,Sector 15,Panchkula,3,1,1,0,85030400
2351,6,2,1,0,4,2,2012,Phase 3B2,Mohali,1,1,1,0,72410800
2125,6,4,1,2,7,1,2017,Sector 22,Chandigarh,2,1,1,0,54740000
1534,7,3,1,1,5,1,2010,Peer Muchalla,Zirakpur,2,1,0,1,25311000
2515,6,5,1,1,6,2,2014,Sector 36,Chandigarh,2,1,1,0,179822500
2357,6,4,1,1,6,3,2009,Dhakauli,Zirakpur,1,0,0,0,23570000
2560,8,5,1,1,7,2,2019,Sector 36,Chandigarh,2,1,1,0,183040000
1995,5,2,1,2,4,1,2013,Phase 3B2,Mohali,3,1,1,0,62563200
2166,7,2,1,1,4,2,2014,Sector 22,Chandigarh,3,0,0,1,52308900
1560,8,4,1,2,6,3,2014,Sector 20,Panchkula,3,1,0,1,34944000
1612,6,2,1,2,3,2,2017,Sector 36,Chandigarh,1,1,0,1,117353600
2550,9,3,1,2,4,1,2019,Sector 15,Panchkula,1,1,1,0,114240000
1919,9,3,1,1,6,1,2010,Sector 36,Chandigarh,1,0,1,1,137208500
1897,8,3,1,0,5,2,2005,Phase 3B2,Mohali,3,0,0,1,55771800
2275,7,3,1,0,5,2,2007,Sector 15,Panchkula,3,0,1,0,95550000
2624,5,5,1,2,7,3,2015,Sector 22,Chandigarh,3,0,1,1,67594240
2826,8,5,1,0,6,2,2014,Sector 22,Chandigarh,3,1,1,0,71497800
2979,8,3,1,2,4,1,2011,Sector 36,Chandigarh,3,0,1,0,207189450
1515,5,2,1,0,4,3,2019,Highland Marg,Zirakpur,3,1,0,1,19998000
2436,5,5,1,1,7,3,2014,Sector 20,Panchkula,3,1,1,0,53592000
2532,10,5,1,2,7,2,2014,Sector 36,Chandigarh,1,0,0,1,176100600
2803,5,2,1,2,3,3,2017,Phase 10,Mohali,3,1,1,1,85267260
2344,5,4,1,1,5,3,2010,Phase 3B2,Mohali,1,1,1,0,72195200
1577,9,5,1,2,6,3,2014,Sector 22,Chandigarh,3,1,0,1,40623520
2088,7,3,1,0,4,3,2005,Peer Muchalla,Zirakpur,3,0,1,1,34452000
2382,8,2,1,2,5,1,2008,Sector 22,Chandigarh,2,1,0,1,61360320
2613,5,4,1,2,5,2,2017,Sector 20,Panchkula,3,1,1,1,61144200
1663,10,2,1,1,3,3,2020,Sector 36,Chandigarh,1,0,1,1,118904500
2843,6,5,1,2,8,1,2019,Phase 10,Mohali,1,0,0,0,75396360
2140,7,5,1,1,8,2,2023,Phase 3B2,Mohali,3,1,0,0,62916000
2808,6,3,1,0,6,3,2022,Dhakauli,Zirakpur,3,0,0,0,28080000
2484,9,3,1,2,6,3,2018,Dhakauli,Zirakpur,1,0,0,0,25336800
2561,10,3,1,1,5,2,2016,Phase 10,Mohali,3,0,1,0,69915300
2652,9,5,1,2,7,1,2015,Sector 20,Panchkula,1,1,1,1,62056800
1536,7,4,1,2,5,3,2017,Sector 20,Panchkula,1,1,0,1,34406400
2279,6,3,1,1,4,1,2014,Sector 20,Panchkula,2,1,1,0,50138000
2060,6,4,1,0,5,2,2016,Phase 3B2,Mohali,1,1,0,1,63448000
1714,5,5,1,2,6,1,2020,Sector 15,Panchkula,2,1,1,0,76787200
2513,7,3,1,2,4,2,2022,Phase 10,Mohali,2,1,0,1,73178560
2160,5,4,1,0,5,3,2013,Gazipur Road,Zirakpur,2,1,0,1,26136000
1731,5,4,1,1,7,3,2022,Sector 15,Panchkula,1,0,0,0,69240000
1634,7,5,1,0,8,2,2018,Phase 10,Mohali,1,0,0,1,44608200
2595,8,3,1,1,4,2,2010,Highland Marg,Zirakpur,3,1,0,0,32697000
1850,5,2,1,1,5,1,2020,Sector 22,Chandigarh,3,1,1,0,46805000
2375,10,5,1,2,8,3,2011,Phase 3B2,Mohali,3,1,1,0,74480000
1792,6,5,1,2,8,3,2023,Sector 20,Panchkula,3,0,1,1,40140800
1778,9,3,1,2,6,2,2022,Peer Muchalla,Zirakpur,2,0,0,1,28536900
2707,10,5,1,0,7,1,2008,Highland Marg,Zirakpur,3,0,1,1,35732400
2700,6,3,1,2,6,3,2020,Phase 3B2,Mohali,3,1,0,0,80892000
1867,6,4,1,0,5,2,2016,Highland Marg,Zirakpur,1,1,0,1,24644400
2701,5,2,1,0,3,3,2011,Gazipur Road,Zirakpur,3,1,0,0,31196550
1706,9,2,1,1,3,3,2006,Highland Marg,Zirakpur,1,0,0,0,20472000
2920,5,3,1,1,4,2,2023,Gazipur Road,Zirakpur,1,1,1,1,36938000
2579,8,4,1,2,7,1,2007,Sector 15,Panchkula,1,1,0,1,115539200
2445,5,5,1,2,6,3,2005,Phase 10,Mohali,2,1,0,0,68019900
1536,9,5,1,2,7,1,2009,Sector 36,Chandigarh,1,1,1,0,111820800
1755,5,5,1,2,6,3,2020,Sector 22,Chandigarh,2,1,1,1,47227050
2888,9,5,1,2,7,1,2005,Highland Marg,Zirakpur,3,1,1,1,40547520
1773,5,5,1,1,7,2,2011,Sector 15,Panchkula,1,1,1,0,78012000
2202,8,5,1,2,7,1,2014,Sector 15,Panchkula,1,1,1,1,103053600
2026,9,5,1,1,8,3,2023,Dhakauli,Zirakpur,2,0,1,0,21273000
2717,10,5,1,0,6,2,2021,Peer Muchalla,Zirakpur,3,1,0,0,42792750
2194,8,3,1,1,6,2,2012,Phase 10,Mohali,2,0,1,1,62748400
1838,7,4,1,2,7,1,2014,Sector 22,Chandigarh,2,1,1,1,49460580
1925,9,3,1,1,6,2,2022,Dhakauli,Zirakpur,3,0,1,1,21175000
1516,7,3,1,1,4,2,2017,Gazipur Road,Zirakpur,1,0,0,0,16676000
1803,5,3,1,2,4,3,2018,Sector 36,Chandigarh,2,1,1,1,137118150
1766,8,2,1,1,4,3,2023,Sector 36,Chandigarh,1,1,1,0,126269000
1606,10,5,1,0,7,1,2014,Sector 20,Panchkula,1,1,0,0,33726000
1710,9,5,1,1,6,2,2007,Sector 22,Chandigarh,3,1,0,1,43263000
2661,6,5,1,2,6,3,2020,Sector 22,Chandigarh,3,0,1,0,65487210
1767,8,2,1,0,3,1,2018,Highland Marg,Zirakpur,1,0,0,1,22264200
2907,8,5,1,1,6,1,2019,Sector 22,Chandigarh,3,0,0,1,70204050
2652,7,4,1,0,6,3,2019,Phase 3B2,Mohali,2,0,0,0,74256000
2756,10,2,1,0,5,1,2021,Phase 10,Mohali,3,1,1,0,78821600
1747,7,5,1,1,8,3,2016,Gazipur Road,Zirakpur,1,0,0,0,19217000
2405,6,4,1,1,5,3,2012,Sector 22,Chandigarh,3,1,0,1,60846500
2427,9,3,1,0,4,2,2010,Sector 36,Chandigarh,2,0,0,1,165642750
1703,10,2,1,0,4,2,2018,Peer Muchalla,Zirakpur,2,1,0,0,26822250
1550,7,5,1,1,6,2,2006,Phase 10,Mohali,2,0,0,1,42315000
2816,8,4,1,1,6,2,2009,Highland Marg,Zirakpur,3,1,0,0,35481600
2511,7,5,1,2,8,2,2016,Sector 22,Chandigarh,3,0,1,0,61795710
1980,6,5,1,2,8,3,2017,Gazipur Road,Zirakpur,1,0,1,0,23304600
1680,10,3,1,1,5,3,2013,Sector 15,Panchkula,3,0,1,1,73920000
2446,6,5,1,2,7,1,2006,Dhakauli,Zirakpur,2,0,0,1,26172200
2535,8,2,1,1,5,2,2005,Highland Marg,Zirakpur,3,0,1,0,31941000
2163,9,5,1,2,6,2,2017,Highland Marg,Zirakpur,2,0,0,1,27772920
2309,10,5,1,0,8,2,2020,Phase 10,Mohali,3,0,1,0,63035700
2544,7,3,1,2,6,2,2017,Highland Marg,Zirakpur,1,0,1,1,34191360
1508,10,2,1,0,3,1,2007,Sector 22,Chandigarh,1,0,1,0,36418200
2541,7,5,1,0,7,1,2006,Phase 10,Mohali,1,0,0,0,66066000
2504,8,3,1,2,5,3,2013,Peer Muchalla,Zirakpur,1,0,0,0,38311200
1735,10,5,1,1,6,2,2017,Sector 22,Chandigarh,1,0,0,0,39905000
2244,10,3,1,0,6,3,2019,Sector 22,Chandigarh,3,0,0,1,54192600
2455,6,2,1,1,3,1,2022,Phase 10,Mohali,2,1,0,0,67021500
2374,7,5,1,2,8,1,2017,Highland Marg,Zirakpur,3,1,1,0,31906560
2767,8,2,1,0,3,2,2014,Phase 10,Mohali,2,0,1,0,75539100
2928,9,5,1,2,6,3,2023,Phase 10,Mohali,1,1,1,0,85263360
1842,7,3,1,2,4,2,2005,Sector 15,Panchkula,1,1,1,1,86205600
2642,10,5,1,2,8,1,2005,Dhakauli,Zirakpur,3,1,0,0,28269400
2724,8,2,1,2,4,3,2020,Sector 20,Panchkula,2,1,1,0,61017600
2317,8,4,1,0,5,1,2011,Sector 20,Panchkula,3,0,0,1,48657000
2597,10,3,1,0,6,2,2016,Gazipur Road,Zirakpur,2,0,1,0,29995350
1978,5,4,1,2,5,3,2020,Gazipur Road,Zirakpur,1,0,0,0,22193160
2552,10,5,1,2,8,2,2016,Sector 20,Panchkula,1,1,0,1,57164800
1893,9,3,1,1,4,1,2020,Peer Muchalla,Zirakpur,2,1,0,1,31234500
1978,5,3,1,0,6,3,2021,Dhakauli,Zirakpur,2,0,0,1,20769000
2334,6,5,1,0,6,1,2008,Sector 22,Chandigarh,1,1,0,0,56366100
2341,9,3,1,2,4,3,2012,Gazipur Road,Zirakpur,3,1,0,0,27553570
1825,10,4,1,1,6,2,2012,Peer Muchalla,Zirakpur,3,0,1,1,30112500
2590,8,2,1,1,3,2,2015,Sector 15,Panchkula,3,0,0,0,103600000
2503,8,3,1,2,6,3,2011,Sector 36,Chandigarh,3,1,0,0,174083650
2540,5,4,1,2,6,2,2019,Phase 10,Mohali,1,0,0,0,67360800
1828,7,4,1,1,5,3,2020,Sector 15,Panchkula,1,0,0,1,76776000
2462,5,2,1,1,4,3,2019,Sector 15,Panchkula,3,1,0,1,108328000
3000,7,5,1,0,8,3,2009,Highland Marg,Zirakpur,1,1,0,0,37800000
2493,10,2,1,2,3,2,2023,Sector 36,Chandigarh,3,1,1,0,181490400
2236,6,3,1,2,4,3,2010,Peer Muchalla,Zirakpur,3,1,1,0,37564800
1739,5,2,1,2,5,3,2012,Dhakauli,Zirakpur,3,1,1,1,20346300
2789,7,4,1,1,7,2,2012,Highland Marg,Zirakpur,3,1,1,0,36814800
2030,9,2,1,0,5,1,2019,Phase 3B2,Mohali,3,1,1,1,65366000
1692,9,3,1,2,6,3,2018,Sector 20,Panchkula,1,0,0,0,34516800
1500,6,4,1,1,5,1,2022,Phase 10,Mohali,3,0,0,0,39000000
1569,10,3,1,2,6,2,2008,Phase 3B2,Mohali,1,0,1,1,49203840
1607,6,3,1,2,5,2,2023,Phase 10,Mohali,3,1,0,1,46795840
2730,10,2,1,2,4,2,2013,Sector 15,Panchkula,3,0,1,1,122304000
2240,6,4,1,1,5,3,2005,Sector 15,Panchkula,2,0,1,1,98560000
2352,7,5,1,1,6,2,2007,Peer Muchalla,Zirakpur,3,0,1,1,38808000
2164,7,3,1,0,4,2,2005,Highland Marg,Zirakpur,2,1,1,0,28564800
1838,10,4,1,1,5,2,2023,Sector 22,Chandigarh,1,0,1,0,44387700
2180,7,3,1,0,4,2,2023,Sector 36,Chandigarh,2,1,1,1,162955000
2034,7,2,1,2,5,1,2008,Dhakauli,Zirakpur,2,0,0,1,21763800
2012,5,3,1,0,6,2,2020,Gazipur Road,Zirakpur,2,1,1,0,24345200
2973,9,3,1,1,5,2,2019,Dhakauli,Zirakpur,2,0,1,1,32703000
2813,10,3,1,2,4,1,2013,Sector 22,Chandigarh,3,1,1,1,75697830
1911,8,4,1,2,6,3,2015,Phase 3B2,Mohali,1,0,0,1,57253560
2196,8,2,1,2,5,2,2007,Sector 20,Panchkula,1,1,1,0,49190400
1673,7,2,1,0,3,2,2010,Phase 3B2,Mohali,2,1,0,1,51528400
2235,10,4,1,0,7,2,2021,Sector 20,Panchkula,1,1,0,0,46935000
2149,5,3,1,1,6,3,2015,Sector 20,Panchkula,2,0,0,1,45129000
2754,10,5,1,1,7,1,2011,Sector 15,Panchkula,1,0,1,0,115668000
1664,8,2,1,1,3,3,2009,Sector 36,Chandigarh,3,0,1,1,118976000
1714,7,5,1,2,8,2,2010,Peer Muchalla,Zirakpur,3,0,0,1,27509700
2020,6,3,1,1,6,3,2014,Sector 15,Panchkula,1,1,1,1,92920000
1799,9,2,1,2,4,1,2020,Phase 10,Mohali,1,1,0,1,52386880
2249,6,4,1,1,6,1,2008,Sector 36,Chandigarh,3,1,1,0,160803500
2792,5,5,1,2,7,2,2012,Sector 22,Chandigarh,2,0,1,1,71921920
1764,5,4,1,2,5,1,2020,Gazipur Road,Zirakpur,1,1,0,1,21732480
2975,10,4,1,2,7,2,2013,Sector 22,Chandigarh,2,1,0,0,73214750
2591,10,2,1,1,3,2,2017,Sector 22,Chandigarh,1,0,1,1,65552300
2356,9,5,1,0,6,1,2021,Sector 22,Chandigarh,1,1,0,1,59606800
2189,7,5,1,2,6,2,2016,Sector 22,Chandigarh,3,0,0,0,51353940
2097,9,5,1,2,6,3,2019,Sector 20,Panchkula,3,1,0,0,44875800
1642,10,5,1,2,8,3,2016,Phase 3B2,Mohali,2,1,1,1,53791920
2039,9,3,1,0,6,2,2019,Highland Marg,Zirakpur,3,1,1,0,26914800
2446,9,5,1,0,6,2,2010,Sector 15,Panchkula,3,0,0,0,97840000
2833,9,2,1,1,4,3,2023,Peer Muchalla,Zirakpur,1,0,0,1,44619750
2412,7,5,1,2,8,3,2021,Phase 10,Mohali,1,1,0,0,67101840
2784,6,2,1,0,5,2,2016,Dhakauli,Zirakpur,2,0,0,0,27840000
2782,9,3,1,0,4,3,2009,Dhakauli,Zirakpur,2,0,0,1,29211000
2317,8,5,1,2,7,1,2018,Highland Marg,Zirakpur,3,0,0,1,29750280
2749,8,5,1,1,6,2,2012,Highland Marg,Zirakpur,2,1,0,0,34637400
1507,10,4,1,2,6,3,2016,Dhakauli,Zirakpur,1,0,0,0,15371400
2695,9,2,1,2,5,1,2008,Phase 10,Mohali,1,1,1,1,81981900
2330,8,4,1,2,6,2,2023,Peer Muchalla,Zirakpur,3,0,0,1,37396500
2698,8,4,1,2,7,3,2016,Highland Marg,Zirakpur,1,1,1,0,36261120
2439,9,3,1,1,5,3,2006,Highland Marg,Zirakpur,2,1,1,0,32194800
1631,9,2,1,0,3,1,2007,Highland Marg,Zirakpur,2,0,0,0,19572000
2493,6,5,1,2,7,2,2007,Peer Muchalla,Zirakpur,1,1,0,1,41882400
2726,10,2,1,1,4,1,2009,Peer Muchalla,Zirakpur,1,0,0,1,42934500
1890,10,5,1,2,7,3,2020,Highland Marg,Zirakpur,1,0,0,1,24267600
1762,5,5,1,1,6,1,2007,Phase 10,Mohali,2,0,0,1,48102600
2009,5,3,1,0,5,2,2009,Peer Muchalla,Zirakpur,1,1,0,0,31641750
1847,10,2,1,2,3,3,2016,Peer Muchalla,Zirakpur,3,1,0,1,31029600
2246,5,2,1,0,3,1,2020,Sector 22,Chandigarh,1,0,1,0,54240900
2230,7,3,1,1,6,1,2005,Gazipur Road,Zirakpur,2,1,1,0,26983000
2494,9,4,1,0,7,1,2007,Dhakauli,Zirakpur,2,0,1,0,26187000
2724,10,5,1,1,8,3,2018,Phase 3B2,Mohali,2,1,1,1,87712800
2233,7,2,1,1,5,2,2019,Phase 3B2,Mohali,1,1,0,1,68776400
2941,8,4,1,0,6,1,2022,Phase 10,Mohali,2,0,0,0,76466000
2065,7,4,1,2,6,1,2009,Gazipur Road,Zirakpur,2,1,0,0,24305050
2377,7,4,1,0,5,2,2019,Sector 20,Panchkula,1,1,0,1,52294000
2426,8,3,1,1,4,3,2006,Sector 22,Chandigarh,2,1,1,1,64167700
2425,6,3,1,1,6,2,2017,Phase 3B2,Mohali,1,0,0,1,71295000
1709,9,5,1,2,6,3,2019,Dhakauli,Zirakpur,3,0,0,0,17431800
2782,7,4,1,0,7,2,2017,Phase 3B2,Mohali,3,1,1,0,85685600
2844,6,3,1,2,4,2,2008,Sector 15,Panchkula,1,1,1,1,133099200
1958,7,2,1,0,5,1,2017,Sector 15,Panchkula,2,1,0,0,82236000
1505,8,4,1,0,6,1,2017,Sector 20,Panchkula,3,0,1,0,31605000
2327,5,4,1,1,7,2,2015,Gazipur Road,Zirakpur,2,0,0,0,25597000
2938,10,4,1,1,6,1,2019,Sector 36,Chandigarh,2,0,1,0,200518500
1855,10,2,1,0,5,1,2018,Phase 10,Mohali,3,0,0,0,48230000
1970,8,2,1,0,3,2,2009,Phase 3B2,Mohali,3,1,0,0,57918000
2028,8,2,1,2,4,3,2022,Sector 36,Chandigarh,1,1,0,1,147638400
1718,5,3,1,1,4,3,2009,Highland Marg,Zirakpur,2,1,0,1,22677600
2949,9,3,1,0,5,2,2020,Phase 10,Mohali,2,1,0,0,80507700
2817,9,5,1,2,7,3,2007,Dhakauli,Zirakpur,1,0,0,1,30141900
2297,7,2,1,1,5,2,2011,Sector 15,Panchkula,2,0,1,0,96474000
2447,7,5,1,1,6,3,2009,Highland Marg,Zirakpur,1,0,0,0,29364000
2787,5,3,1,2,6,3,2005,Phase 3B2,Mohali,1,1,1,0,87400320
2818,7,4,1,1,7,2,2007,Sector 15,Panchkula,2,0,0,0,112720000
1599,10,5,1,0,8,1,2006,Phase 10,Mohali,2,0,1,1,45731400
2363,7,4,1,0,6,3,2005,Highland Marg,Zirakpur,2,0,1,0,29773800
2980,9,5,1,2,6,1,2012,Peer Muchalla,Zirakpur,1,1,0,0,47829000
1551,5,3,1,1,5,2,2017,Phase 3B2,Mohali,1,1,0,1,47770800
2535,6,4,1,1,7,3,2012,Sector 36,Chandigarh,2,1,0,0,173013750
2307,6,3,1,2,5,3,2005,Phase 10,Mohali,2,1,1,1,70178940
2584,6,4,1,1,7,3,2017,Peer Muchalla,Zirakpur,3,0,1,1,42636000
2127,5,3,1,0,5,1,2005,Sector 20,Panchkula,1,1,0,0,44667000
2493,8,3,1,1,5,3,2013,Highland Marg,Zirakpur,1,0,1,1,32907600
2886,10,3,1,0,6,2,2015,Phase 10,Mohali,1,1,0,1,82539600
1950,7,4,1,1,6,1,2011,Highland Marg,Zirakpur,3,1,0,0,24570000
2111,7,4,1,1,7,3,2011,Sector 15,Panchkula,3,0,0,1,88662000
1717,6,4,1,0,6,2,2015,Dhakauli,Zirakpur,3,0,1,1,18887000
2594,5,4,1,0,5,3,2019,Sector 15,Panchkula,2,0,1,1,114136000
2825,7,3,1,2,4,1,2017,Sector 36,Chandigarh,1,1,0,0,196478750
2474,10,5,1,2,6,1,2015,Sector 36,Chandigarh,2,1,0,0,172066700
2882,6,4,1,1,5,3,2022,Phase 10,Mohali,1,1,0,1,82425200
1795,5,3,1,2,6,2,2017,Sector 15,Panchkula,3,0,0,0,73236000
1849,8,3,1,2,4,3,2019,Phase 10,Mohali,3,1,0,0,51439180
2035,5,3,1,0,5,1,2008,Sector 20,Panchkula,1,1,1,1,46805000
2174,10,5,1,1,6,2,2012,Highland Marg,Zirakpur,2,0,1,1,28696800
1850,9,3,1,0,5,2,2010,Sector 22,Chandigarh,3,0,0,1,44677500
2535,6,5,1,1,7,2,2022,Sector 36,Chandigarh,3,1,1,1,189491250
1773,8,3,1,0,4,2,2018,Highland Marg,Zirakpur,1,0,1,0,22339800
2472,10,3,1,2,6,3,2007,Highland Marg,Zirakpur,3,1,1,1,34706880
2477,5,5,1,0,7,3,2023,Phase 3B2,Mohali,3,0,1,1,76291600
2771,6,3,1,1,6,1,2008,Highland Marg,Zirakpur,1,0,0,0,33252000
1577,8,5,1,1,6,3,2018,Peer Muchalla,Zirakpur,1,1,0,0,24837750
2279,6,5,1,1,7,3,2007,Sector 20,Panchkula,2,1,0,0,47859000
1532,8,4,1,1,5,2,2023,Phase 10,Mohali,3,0,1,1,43815200
2944,7,2,1,2,5,1,2021,Dhakauli,Zirakpur,1,1,1,0,32972800
1640,8,3,1,2,4,3,2005,Peer Muchalla,Zirakpur,2,0,0,1,26322000
2006,7,2,1,1,3,1,2020,Sector 15,Panchkula,3,1,1,1,92276000
2294,6,3,1,0,4,3,2018,Phase 10,Mohali,2,0,0,1,62626200
1611,8,4,1,2,7,3,2015,Sector 22,Chandigarh,3,1,1,0,41499360
2710,7,2,1,2,3,3,2010,Sector 22,Chandigarh,2,0,0,1,66693100
2126,8,4,1,1,7,1,2011,Phase 3B2,Mohali,3,1,1,0,65480800
2737,9,3,1,0,4,1,2012,Sector 22,Chandigarh,3,0,0,0,62951000
1639,8,3,1,2,5,3,2019,Sector 22,Chandigarh,3,1,0,0,40335790
2322,6,4,1,0,7,1,2016,Sector 20,Panchkula,2,1,1,0,51084000
2265,9,2,1,2,5,3,2018,Sector 20,Panchkula,1,1,1,0,50736000
1822,5,5,1,0,7,1,2016,Gazipur Road,Zirakpur,1,0,1,0,21044100
2481,6,5,1,0,6,1,2011,Highland Marg,Zirakpur,2,0,0,1,31260600
2870,6,4,1,2,7,2,2006,Phase 10,Mohali,1,0,0,0,76112400
1543,9,3,1,1,5,1,2010,Dhakauli,Zirakpur,2,1,0,1,16973000
2123,9,4,1,2,6,3,2020,Phase 10,Mohali,3,1,1,1,64581660
2565,6,2,1,2,4,2,2023,Sector 20,Panchkula,1,0,1,1,57456000
1769,8,3,1,1,5,2,2023,Highland Marg,Zirakpur,1,1,1,1,24412200
2682,7,4,1,0,6,1,2022,Sector 22,Chandigarh,2,0,1,0,64770300
2086,5,5,1,1,8,2,2013,Phase 10,Mohali,2,1,0,1,59659600
2967,10,2,1,1,3,3,2017,Phase 10,Mohali,1,0,1,1,84856200
1985,8,5,1,0,7,2,2022,Peer Muchalla,Zirakpur,3,1,1,1,34241250
2195,8,3,1,2,4,3,2020,Dhakauli,Zirakpur,3,1,0,0,23486500
2587,6,4,1,2,7,2,2008,Phase 10,Mohali,1,0,0,0,68607240
2042,7,4,1,1,7,3,2019,Phase 3B2,Mohali,3,1,1,1,65752400
1575,5,2,1,1,5,2,2023,Sector 36,Chandigarh,2,1,1,0,112612500
2933,9,5,1,0,7,3,2014,Dhakauli,Zirakpur,1,1,1,0,32263000
2657,8,3,1,0,6,2,2022,Highland Marg,Zirakpur,1,0,1,1,35072400
2859,10,5,1,0,6,3,2016,Sector 22,Chandigarh,3,1,1,0,72332700
2331,9,5,1,2,8,2,2019,Sector 20,Panchkula,2,0,1,0,49883400
1744,9,4,1,1,7,2,2018,Gazipur Road,Zirakpur,1,1,0,0,20143200
2945,10,3,1,1,6,3,2010,Sector 15,Panchkula,3,1,0,1,129580000
2726,9,3,1,0,6,3,2015,Phase 3B2,Mohali,1,1,0,0,80144400
1608,6,2,1,1,5,2,2019,Gazipur Road,Zirakpur,3,0,0,0,17688000
2792,7,3,1,1,4,3,2018,Sector 22,Chandigarh,3,0,0,0,64216000
1753,9,4,1,1,6,3,2022,Dhakauli,Zirakpur,3,1,0,0,18406500
1885,7,4,1,2,6,1,2005,Highland Marg,Zirakpur,1,0,1,0,24203400
2536,6,2,1,2,5,1,2016,Phase 3B2,Mohali,1,1,0,0,75978560
2061,9,2,1,1,5,3,2015,Sector 22,Chandigarh,3,0,0,0,47403000
2931,6,2,1,2,4,1,2011,Peer Muchalla,Zirakpur,1,0,0,0,44844300
1623,5,2,1,1,5,3,2008,Sector 20,Panchkula,1,0,1,1,35706000
1840,9,2,1,1,3,1,2018,Phase 3B2,Mohali,1,0,0,0,51520000
2497,5,5,1,0,7,2,2022,Peer Muchalla,Zirakpur,3,0,1,0,39327750
1722,8,3,1,1,4,1,2011,Sector 36,Chandigarh,3,0,1,1,123123000
2327,9,4,1,0,7,3,2011,Phase 10,Mohali,3,0,0,0,60502000
2609,5,5,1,1,8,2,2022,Gazipur Road,Zirakpur,2,0,1,0,30133950
2492,5,5,1,0,8,2,2023,Dhakauli,Zirakpur,3,1,0,0,26166000
2638,9,5,1,2,7,2,2005,Sector 22,Chandigarh,3,0,0,0,61887480
2200,8,2,1,2,4,3,2020,Phase 10,Mohali,2,0,0,1,61204000
2491,10,3,1,1,4,1,2009,Phase 3B2,Mohali,1,0,0,1,73235400
1696,10,2,1,1,5,2,2008,Sector 22,Chandigarh,1,0,1,1,42908800
1681,7,5,1,1,8,1,2017,Phase 3B2,Mohali,1,1,0,0,49421400
2156,10,5,1,0,7,3,2016,Sector 22,Chandigarh,2,0,1,0,52067400
1859,8,4,1,2,7,3,2018,Highland Marg,Zirakpur,1,1,0,1,24984960
1784,10,3,1,0,5,2,2007,Gazipur Road,Zirakpur,1,0,1,0,20605200
2447,10,4,1,0,6,3,2008,Sector 15,Panchkula,1,0,0,1,102774000
2920,7,5,1,1,8,2,2022,Sector 36,Chandigarh,1,1,1,1,218270000
1819,10,2,1,0,5,1,2017,Gazipur Road,Zirakpur,2,1,1,0,22009900
2948,7,4,1,0,7,3,2023,Sector 15,Panchkula,1,0,1,1,129712000
2176,9,2,1,2,4,1,2015,Gazipur Road,Zirakpur,2,1,0,0,25611520
2388,9,4,1,0,6,1,2009,Peer Muchalla,Zirakpur,3,0,0,0,35820000
2390,10,2,1,1,5,1,2016,Dhakauli,Zirakpur,3,1,1,1,27485000
2877,10,3,1,0,4,1,2011,Sector 36,Chandigarh,1,0,0,0,187005000
1512,8,5,1,0,6,1,2022,Sector 22,Chandigarh,1,0,1,1,38253600
2602,8,4,1,0,6,3,2014,Highland Marg,Zirakpur,3,0,0,0,31224000
2200,5,4,1,2,6,1,2022,Sector 20,Panchkula,1,1,0,1,49280000
2041,6,2,1,0,4,1,2014,Sector 36,Chandigarh,1,0,1,0,139298250
1674,6,3,1,1,6,3,2009,Phase 10,Mohali,2,0,1,0,45700200
1632,9,5,1,2,6,2,2015,Sector 22,Chandigarh,3,1,0,1,42040320
2095,10,5,1,1,6,2,2014,Phase 3B2,Mohali,1,0,1,0,61593000
2680,6,3,1,2,6,1,2021,Sector 22,Chandigarh,1,1,0,1,69036800
2214,6,4,1,1,5,1,2020,Sector 20,Panchkula,3,1,1,0,48708000
2508,8,5,1,2,6,3,2017,Peer Muchalla,Zirakpur,1,0,1,1,42134400
2257,9,4,1,2,5,2,2011,Sector 36,Chandigarh,3,0,0,1,156974350
2593,9,3,1,2,4,1,2022,Phase 3B2,Mohali,3,0,0,1,77686280
2998,7,4,1,2,6,2,2018,Peer Muchalla,Zirakpur,1,0,1,0,48117900
1546,8,2,1,1,5,2,2021,Phase 3B2,Mohali,2,1,0,0,45452400
2709,8,2,1,0,3,3,2023,Sector 20,Panchkula,2,0,0,0,54180000
2149,7,5,1,0,8,1,2012,Dhakauli,Zirakpur,3,1,1,0,23639000
2859,6,4,1,2,5,2,2023,Gazipur Road,Zirakpur,2,0,1,0,33650430
1838,5,3,1,0,5,1,2014,Gazipur Road,Zirakpur,1,0,1,0,21228900
2840,8,4,1,1,7,3,2018,Peer Muchalla,Zirakpur,2,0,1,0,44730000
1563,5,5,1,0,6,1,2010,Sector 20,Panchkula,1,1,0,0,32823000
2284,6,5,1,1,7,2,2015,Phase 3B2,Mohali,2,0,1,1,70347200
1846,8,3,1,0,6,3,2020,Peer Muchalla,Zirakpur,2,1,0,1,30459000
1720,10,5,1,2,6,1,2023,Sector 15,Panchkula,1,0,1,1,77056000
2527,6,4,1,1,5,2,2011,Sector 15,Panchkula,1,1,0,1,111188000
2722,6,4,1,2,6,2,2006,Dhakauli,Zirakpur,3,1,0,1,30486400
2463,10,3,1,0,5,2,2016,Sector 22,Chandigarh,3,0,1,1,62313900
2666,8,5,1,0,8,2,2020,Sector 15,Panchkula,1,0,0,1,111972000
1857,9,5,1,0,8,3,2010,Sector 36,Chandigarh,1,1,0,0,126740250
2464,6,5,1,0,8,1,2021,Dhakauli,Zirakpur,3,0,0,1,25872000
2779,10,3,1,0,5,2,2019,Sector 15,Panchkula,1,1,0,1,122276000
1869,7,2,1,0,3,2,2020,Dhakauli,Zirakpur,2,1,0,1,20559000
2886,10,5,1,1,7,3,2017,Gazipur Road,Zirakpur,3,1,1,0,34920600
2638,8,2,1,1,4,1,2020,Sector 15,Panchkula,1,1,0,1,116072000
1888,6,2,1,2,4,2,2016,Sector 36,Chandigarh,1,0,0,0,125174400
2720,5,5,1,2,8,1,2017,Highland Marg,Zirakpur,3,1,1,0,36556800
1762,5,4,1,1,6,2,2019,Gazipur Road,Zirakpur,1,1,1,0,21320200
2665,8,5,1,0,6,3,2005,Sector 22,Chandigarh,3,1,0,0,64359750
1617,7,3,1,0,6,1,2009,Sector 36,Chandigarh,1,1,1,0,115615500
1626,8,2,1,0,5,2,2014,Sector 36,Chandigarh,3,0,0,1,110974500
1510,8,3,1,1,6,3,2013,Gazipur Road,Zirakpur,3,1,1,0,18271000
